CONTRATADA,"CNPJ DA
 CONTRATADA",OBJETO,Nº PROCESSO LICITATÓRIO,MODALIDADE DE LICITAÇÃO / PROCEDIMENTO DE COMPRA DIRETA,Nº DO CONTRATO,ANO DO CONTRATO,INÍCIO DA VIGÊNCIA,ADITIVO DE PRAZO,FIM DA VIGÊNCIA,Nº DO APOSTILAMENTO, ADITIVO DE VALOR ,VALOR MENSAL,VALOR TOTAL DO CONTRATO,VALOR EXECUTADO,SITUAÇÃO,TIPO DO OBJETO,PRAZO DE VIGÊNCIA,NOTIFICAÇÃO TEMPESTIVIDADE GESTOR E FISCAL,GESTOR DO CONTRATO ATUALIZADO,FISCAL DO CONTRATO,RESPONSÁVEL PELO ACOMPANHAMENTO DA GESTÃO CONTRATUAL,CONTRATO REGIDO PELA LEI,NÚMERO DA NOTA FISCAL,VALOR (R$) DA NOTA FISCAL,DATA DE EMISSÃO DA NOTA FISCAL,DATA DE RECEPÇÃO DA NOTA FISCAL,DATA DE ENVIO AO FISCAL, DATA DO ATESTO,DATA DE ENVIO À DOF,SITUAÇÃO DO ATESTO
SAFE SUPORTE A VIDA E COMERCIO INTERNACIONAL LTDA,08.675.394/0001-90,O fornecimento de UM APARELHO DE ANESTESIA – montado sobre carro móvel para atender o Pronto Socorro Cardiológico Universitário da Universidade de Pernambuco (PROCAPE/UPE).,0032022CPLREITPE0003FESPUPE,PREGÃO ELETRÔNICO,02,2024,15/01/2024,,15/01/2025,,,,"R$ 72.600,00","R$ 72.600,00",ENCERRADO,EQUIPAMENTO,ENCERRADO HÁ 314 DIAS,ENCERRADO,Ivan Silva Oliveira (PROCAPE),William Mignac Larré (PROCAPE),Joás Aquino (CONTRATOS),8666/93,,,,,,,,ENCERRADO
SAFE SUPORTE A VIDA E COMERCIO INTERNACIONAL LTDA,08.675.394/0001-90,"O fornecimento de 1 (um) ULTRASSONOGRAFO – Sistema de Ecografia Portátil, através do convênio nº 915.680/2021 para atender as necessidades do Hospital Universitário Oswaldo Cruz (HUOC)",00052022CPLREITPE0005FESPUPE,PREGÃO ELETRÔNICO,06,2024,31/01/2024,,31/01/2025,,,,"R$ 107.000,00","R$ 107.000,00",ENCERRADO,EQUIPAMENTO,ENCERRADO HÁ 298 DIAS,ENCERRADO,Márcia Lima Crócia de Barros (HUOC),Mônica Maria de Arruda Cavalcanti,Joás Aquino (CONTRATOS),8666/93,,,,,,,,ENCERRADO
"TK ELEVADORES BRASIL LTDA
(REITORIA)",90.347.840/0008-94,"Prestação de serviços de manutenção preventiva e corretiva, com reposição de peças novas, nos elevadores instalados no Bloco B e C da Reitoria da Universidade de Pernambuco, pelo período de 12 (doze) meses.",00432023CCDIN0007FESPUPE,INEXIGIBILIDADE,11,2024,30/01/2024,1º,30/01/2026,-,-,"R$ 1.916,28","R$ 22.995,36","R$ 32.576,76",EM EXECUÇÃO,SERVIÇO,66,,Marília Freitas (SERVTRANS),Roberto Lima (Manut. Predial),- - - - -,8666/93,166615,"R$ 1.916,28",17/10/2025,30/10/2025,31/10/2025,31/10/2025,05/10/2025,ENVIADO À DOF
AUTOGRAFIA EDIÇÃO COMUNICAÇÃO E COMÉRCIO LTDA,14.518.215/0001-03,"Prestação de serviços de revisão ortográfica, diagramação, impressão, edição, tradução e distribuição de livros, destinados às diversas áreas do conhecimento da Universidade de Pernambuco",00262023CPLREITPE0010FESPUPE,PREGÃO ELETRÔNICO,14,2024,22/03/2024,,22/03/2025,,,,"R$ 238.402,00","R$ 238.402,00",ENCERRADO,SERVIÇO,ENCERRADO HÁ 248 DIAS,ENCERRADO,Carlos André (EDUPE),Felipe Ramos da Paixão (EDUPE),Joás Aquino (CONTRATOS),,,,,,,,,ENCERRADO
AUTOGRAFIA EDIÇÃO COMUNICAÇÃO E COMÉRCIO LTDA,14.518.215/0001-03,"Prestação de serviços de revisão ortográfica, diagramação, impressão, edição, tradução e distribuição de livros, destinados às diversas áreas do conhecimento da Universidade de Pernambuco",30812024CPLREITPE0054FESPUPE,PREGÃO ELETRÔNICO,34,2024,27/12/2024,,27/12/2025,,,-,"R$ 163.500,00","R$ 204.375,00",EM EXECUÇÃO,SERVIÇO,32,60 DIAS,Carlos André (EDUPE),Felipe Ramos da Paixão (EDUPE),Joás Aquino (CONTRATOS),14133/21,-,-,-,-,-,-,-,
SERCOSERV SERVIÇOS TERCEIRIZADOS LTDA,08.717.223/0001-86,"Prestação de serviços de copeiragem, conforme as especificações contidas no Termo de Referência, na proposta da Contratada e nas demais cláusulas do Contrato.",02012022PREGVPE0134SAD,ADESÃO A ATA DE REGISTRO DE PREÇO,07,2023,20/06/2023,2º,20/06/2026,1º,-,"R$ 3.026,62","R$ 36.319,44","R$ 72.302,98",EM EXECUÇÃO,SERVIÇO COM MÃO DE OBRA,207,,Joás Aquino (CONTRATOS),Márcia Morais (GABINETE),- - - - -,8666/93,7872,"R$ 3.026,62",31/10/2025,07/11/2025,10/11/2025,11/11/2025,11/11/2025,ENVIADO À DOF
"ACTIVE GESTÃO E SERVIÇOS LTDA
(IIT)",28.914.691/0001-58,"Prestação de serviços de Limpeza e Conservação Predial, visando à obtenção de adequadas condições de salubridade e higiene, com a disponibilização de mão de obra, produtos saneantes domissanitários, materiais e equipamentos para atender IIT – Instituto de Inovação Tecnologica da UPE",01682021CCPLEVPE0144SADFESPUPE,PREGÃO ELETRÔNICO,19,2022,02/05/2022,2º,01/05/2026,2º,-,"R$ 6.603,47","R$ 79.241,69","R$ 221.358,68",EM EXECUÇÃO,SERVIÇO COM MÃO DE OBRA,157,,Joás Aquino (CONTRATOS),Márcia Macedo (IIT),- - - - -,8666/93,1036,"R$ 7.668,89",03/11/2025,03/11/2025,04/11/2025,07/11/2025,10/11/2025,ENVIADO À DOF
"PROSEL TERCEIRIZAÇÃO LIMPEZA E CONSTRUÇÃO EIRELI
(CONFÚCIO)",37.548.251/0001-34,"Prestação de serviços de Limpeza e Conservação Predial, visando à obtenção de adequadas condições de salubridade e higiene, com a disponibilização de mão de obra, produtos saneantes domissanitários, materiais e equipamentos para atender o Instituto Confúcio/ UPE.",01682021CCPLEVPE0144SADFESPUPE,PREGÃO ELETRÔNICO,21,2022,10/05/2022,3º,09/05/2026,2º,-,"R$ 3.023,60","R$ 36.283,20","R$ 100.406,36",EM EXECUÇÃO,SERVIÇO COM MÃO DE OBRA,165,,Joás Aquino (CONTRATOS),Igor (CONFÚCIO),- - - - -,8666/93,33,31/10/2025,31/10/2025,31/10/2025,03/11/2025,11/11/2025,11/11/2025,ENVIADO À DOF
"TOGGI SERVICE LIMPEZA E CONSERVAÇÃO EIRELI
(REITORIA)",21.821.091/0001-04,"prestação de serviços de Limpeza e Conservação Predial, visando à obtenção de adequadas condições de salubridade e higiene, com a disponibilização de mão de obra, produtos saneantes domissanitários, materiais e equipamentos para atender a Reitoria da Universidade de Pernambuco e o Campus Surubim da UPE.",01682021CCPLEVPE0144SADFESPUPE,PREGÃO ELETRÔNICO,22,2022,01/06/2022,3º,31/05/2026,1º,-,"R$ 28.158,67","R$ 337.904,09","R$ 863.131,75",EM EXECUÇÃO,SERVIÇO COM MÃO DE OBRA,187,,Joás Aquino (CONTRATOS),Érica Joéllen (SERVTRANS)),- - - - -,8666/93,936,"R$ 24.868,47",31/10/2025,04/11/2025,04/11/2025,05/11/2025,05/11/2025,ENVIADO À DOF
"TOGGI SERVICE LIMPEZA E CONSERVAÇÃO EIRELI
(SURUBIM)",21.821.091/0001-04,"prestação de serviços de Limpeza e Conservação Predial, visando à obtenção de adequadas condições de salubridade e higiene, com a disponibilização de mão de obra, produtos saneantes domissanitários, materiais e equipamentos para atender a Reitoria da Universidade de Pernambuco e o Campus Surubim da UPE.",01682021CCPLEVPE0144SADFESPUPE,PREGÃO ELETRÔNICO,22,2022,01/06/2022,3º,31/05/2026,1º,-,"R$ 28.158,67","R$ 337.904,09","R$ 863.131,75",EM EXECUÇÃO,SERVIÇO COM MÃO DE OBRA,187,,Joás Aquino (CONTRATOS),Gevson Andrade (CMN),- - - - -,8666/93,937,"R$ 3.290,20",31/10/2025,04/11/2025,04/11/2025,06/11/2025,06/11/2025,ENVIADO À DOF
ELENET SERVICOS TECNICOS LTDA,09.502.112/0001-15,"Contratação de empresa especializada para prestação de serviços de manutenção preventiva e corretiva, de grupo gerador, instalado na Reitoria da Universidade de Pernambuco",00202022CCDIN0007FESPUPE,DISPENSA,40,2022,01/06/2022,3º,01/06/2026,1º,-,"R$ 648,09","R$ 7.777,08","R$ 20.515,92",EM EXECUÇÃO,SERVIÇO,188,,Marília Freitas (SERVTRANS),Roberto Lima (Manut. Predial),- - - - -,8666/93,6678,"R$ 648,09",02/11/2025,04/11/2025,05/11/2025,,,PENDENTE DE ATESTO
"TK ELEVADORES BRASIL LTDA
(CONFÚCIO)",90.347.840/0008-94,"Prestação de serviços de manutenção preventiva e corretiva, com reposição de peças, no elevador instalado no INSTITUTO CONFÚCIO DA UNIVERSIDADE DE PERNAMBUCO.",00462022CCDIN0017FESPUPE,INEXIGIBILIDADE,04,2023,21/06/2023,2º,20/06/2026,-,-,"R$ 1.300,00","R$ 15.600,00","R$ 23.400,00",EM EXECUÇÃO,SERVIÇO,207,,Marília Freitas (SERVTRANS),Igor (CONFÚCIO),- - - - -,8666/93,166754,"R$ 1.300,00",10/11/2025,11/11/2025,11/11/2025,12/11/2025,12/11/2025,ENVIADO À DOF
"DIBASA COMÉRCIO E SERVIÇOS LTDA-EPP
(IIT)",11.836.848/0001-71,"Prestação de serviços de SERVIÇOS DE MANUTENÇÃO PREVENTIVA E CORRETIVA DE ELEVADORES, COM REPOSIÇÃO DE PEÇAS, para atender as necessidades do Bloco D da Reitoria da Universidade de Pernambuco como também do prédio do IIT (Instituto de Inovação Tecnológica da UPE), da Universidade de Pernambuco.",04922024CCDDL0009FESPUPE,DISPENSA,19,2024,23/05/2024,1º,22/05/2026,-,-,"R$ 1.024,40","R$ 12.292,80","R$ 8.669,60",EM EXECUÇÃO,SERVIÇO,178,,Marília Freitas (SERVTRANS),Márcia Macedo (IIT),- - - - -,14133/21,,,,,,,,PENDENTE DE ATESTO
"DIBASA COMÉRCIO E SERVIÇOS LTDA-EPP
(REITORIA)",11.836.848/0001-71,"Prestação de serviços de SERVIÇOS DE MANUTENÇÃO PREVENTIVA E CORRETIVA DE ELEVADORES, COM REPOSIÇÃO DE PEÇAS, para atender as necessidades do Bloco D da Reitoria da Universidade de Pernambuco como também do prédio do IIT (Instituto de Inovação Tecnológica da UPE), da Universidade de Pernambuco.",04922024CCDDL0009FESPUPE,DISPENSA,19,2024,23/05/2024,1º,22/05/2026,-,-,"R$ 1.024,40","R$ 12.292,80","R$ 8.669,60",EM EXECUÇÃO,SERVIÇO,178,,Marília Freitas (SERVTRANS),Roberto Lima (Manut. Predial),- - - - -,14133/21,,,,,,,,PENDENTE DE ATESTO
BRAZON MAXFILTER INDÚSTRIA E LOCAÇÃO DE PURIFICADORES DE ÁGUA LTDA,9114027/0001.80,"Prestação de serviço locação de purificadores de água, para manutenção preventiva e corretiva com preposição de peças, para atender a Reitoria da UPE",02332023CCDDL0111FESPUPE,DISPENSA,17,2024,05/03/2024,1º,05/03/2026,-,-,"R$ 810,00","R$ 9.720,00","R$ 10.530,00",EM EXECUÇÃO,SERVIÇO,100,,Marília Freitas (SERVTRANS),Roberto Lima (Manut. Predial),- - - - -,8666/93,17442,"R$ 810,00",01/11/2025,01/11/2025,03/11/2025,04/11/2025,05/11/2025,ENVIADO À DOF
TOPPUS SERVIÇOS TERCEIRIZADOS EIRELI,92.81.162/0001-10,"Prestação de serviços de motoristas, mediante a disponibilização de profissionais devidamente habilitados nas categorias “B”, “C” e “D”, para atender as demandas da Reitoria da UPE",00902022CCPLEVPE0061SAD,PREGÃO ELETRÔNICO,08,2023,20/06/2023,1º,20/06/2025,-,-,"R$ 10.274,10","R$ 123.289,20","R$ 189.279,08",ENCERRADO,SERVIÇO COM MÃO DE OBRA,ENCERRADO HÁ 158 DIAS,ENCERRADO,Joás Aquino (CONTRATOS),Érica Joéllen (SERVTRANS)),- - - - -,8666/93,,,,,,,,ENCERRADO
MARANATA PRESTADORA DE SERVIÇOS E CONSTRUÇÕES LTDA,03.325.436/0001-49,Prestação de serviços de motorista e diárias para atender as necessidades da Reitoria da UPE,02092019CCPLEVIPE0147SAD,PREGÃO ELETRÔNICO,23,2021,01/06/2021,3º,31/05/2025,1°,-,"R$ 4.816,56","R$ 59.544,72","R$ 197.979,90",ENCERRADO,SERVIÇO COM MÃO DE OBRA,ENCERRADO HÁ 178 DIAS,ENCERRADO,Joás Aquino (CONTRATOS),Érica Joéllen (SERVTRANS)),- - - - -,8666/93,,,,,,,,ENCERRADO
POLO COMERCIAL DE CARUARU LTDA,05.970.676/0001-21,"Locação de imóvel correspondente a uma área de 1.457m2, inserida no empreendimento Polo Comercial de Caruaru, localizado na BR 104, Km62, Nova Caruaru.",00862019CPLREITDL0045FESPUPE,DISPENSA,86,2019,01/10/2019,1º,01/10/2026,-,-,"R$ 45.575,39","R$ 1.093.809,36","R$ 2.567.769,29",EM EXECUÇÃO,SERVIÇO,310,,Joás Aquino (CONTRATOS),Robson Carvalho (CARUARU),- - - - -,8666/93,FATURA ,"R$ 45.575,39",03/11/2025,03/11/2025,04/11/2025,05/11/2025,05/11/2025,ENVIADO À DOF
KÁTIA CRISTINA PEREIRA DE FREITAS,863.773.884-20,"Locação do imóvel localizado na Cidade de Palmares, na Rua Dr. Homero de Fança Limeira, nº 289, Bairro Santa Rosa, matriculado no Cartório de Registro de Imóveis da Comarca de Palmares sob o nº 01040370713001, com área construída 913,55m² da proprietária Katia Cristina Pereira de Freitas.",01132019 DL 0054FESPUPE,DISPENSA,25,2021,01/05/2021,-,01/05/2026,-,-,"R$ 7.820,02","R$ 445.698,96","R$ 342.862,72",EM EXECUÇÃO,SERVIÇO,157,,Joás Aquino (CONTRATOS),Wilton Azevedo (CMS),- - - - -,8666/93,RECIBO,"R$ 7.820,00",30/10/2025,20/10/2025,31/11/2025,31/11/2025,31/10/2025,ENVIADO À DOF
JMF CONSTRUÇÕES E SERVIÇOS TERCEIRIZADOS EIRELI EPP,10.624.354/0001-60,Prestação de Serviços de copeiragem par atender a Reitoria da UPE.,02012022PREGVPE0134SAD,PREGÃO ELETRÔNICO,18,2023,05/09/2023,2º,05/09/2026,-,-,"R$ 2.615,22","R$ 31.382,64","R$ 67.777,76",EM EXECUÇÃO,SERVIÇO COM MÃO DE OBRA,284,PRORROGADO,Joás Aquino (CONTRATOS),Priscila Sanara (GABINETE),- - - - -,8666/93,1016,"R$ 3.274,47",31/10/2025,31/10/2025,03/11/2025,13/11/2025,13/11/2025,PENDENTE DE DOCUMENTAÇÃO
"ALFORGE SEGURANÇA PATRIMONIAL LTDA 
(REITORIA E FOP Camaragibe)",13.343.833/0001-05,Prestação de Serviços de vigilância armada para atender a Reitoria da UPE e do antigo imóvel da FOP (Camaragibe-PE).,00092020CCPLEIVPE0008SAD,PREGÃO ELETRÔNICO,31,2021,03/08/2021,5º,03/08/2026,-,5º,"R$ 63.067,54","R$ 756.810,48","R$ 2.404.083,38",EM EXECUÇÃO,SERVIÇO COM MÃO DE OBRA,251,,Eduardo Periquito (CONTRATOS),Roberto Lima (Manut. Predial),- - - - -,8666/93,25404                 25405                   25406,"R$ 12.610,42                               R$ 12.610,42                      R$ 37.846,70",30/10/2025,30/10/2025,31/10/2025,31/10/2025,05/11/2025,ENVIADO À DOF
ASA RENT A CAR LOCACAO DE VEICULOS LTDA,07.005.206/0001-53,"Locação anual de veículos administrativos, sem motorista, classificação VS-1, com sistema de rastreamento e monitoramento incluso, com vistas a atender às necessidades da / Reitoria da UPE",01162021CCPLEIIPE0103SAD,PREGÃO ELETRÔNICO,39,2022,27/09/2022,2º,27/03/2025,1º,-,"R$ 13.406,40","R$ 399.493,80","R$ 399.493,80",ENCERRADO,SERVIÇO,ENCERRADO HÁ 243 DIAS,ENCERRADO,Dayse Matos,Érica Joéllen (SERVTRANS)),Joás Aquino (CONTRATOS),8666/93,,,,,,,,ENCERRADO
RM TERCEIRIZAÇÃO E GESTÃO DE RECURSOS HUMANOS EIRELI (PORTEIRO),05.465.222/0001-01,"Prestação de serviços de controle, operação e fiscalização de portarias para atender as necessidades da Reitoria da UPE",01672021CCPLEVPE043SAD,PREGÃO ELETRÔNICO,50,2022,30/11/2022,2º,30/11/2025,1º,-,"R$ 5.886,74","R$ 211.531,65","R$ 164.437,73",EM EXECUÇÃO,SERVIÇO COM MÃO DE OBRA,5,30 DIAS,Joás Aquino (CONTRATOS),Roberto Lima (Manut. Predial),- - - - -,8666/93,2265,"R$ 7.034,52",31/10/2025,31/10/2025,03/11/2025,04/11/2025,05/11/2025,ENVIADO À DOF
RM TERCEIRIZAÇÃO E GESTÃO DE RECURSOS HUMANOS EIRELI (RECEPÇÃO),05.465.222/0001-01,"Prestação de serviço de mão de obra – do tipo recepcionista, nível médio com conhecimento básico em informática, posto de 44 horas semanais, turno diurno, segunda a sexta-feira, para atender a Reitoria da UPE",01272022PREGVPE0088SAD,PREGÃO ELETRÔNICO,10,2023,26/07/2023,2º,26/07/2026,1º,-,"R$ 3.533,92","R$ 84.814,08","R$ 53.526,80",EM EXECUÇÃO,SERVIÇO COM MÃO DE OBRA,243,PRORROGADO,Joás Aquino (CONTRATOS),Maria do Carmo (Protocolo),- - - - -,8666/93,2266,"R$ 3.533,92",31/10/2025,31/10/2025,03/11/2025,03/11/2025,05/11/2025,ENVIADO À DOF
COMPANHIA EDITORA DE PERNAMBUCO - CEPE (PUBLICAÇÃO),10.921.252/0001-07,"Prestação de serviços de publicação de editais, avisos, extratos de contratos e convênios e demais atos administrativos, no Diário Oficial do Estado de Pernambuco (DOE), para atender necessidades da Reitoria da UPE",01352022CCPLEIIIN0014SAD,INEXIGIBILIDADE,62,2022,12/12/2022,2º,12/12/2025,-,-,-,"R$ 491.999,65","R$ 875.401,96",EM EXECUÇÃO,SERVIÇO,17,60 DIAS,Eduardo Periquito (CONTRATOS),Maria do Carmo (Protocolo),- - - - -,8666/93,135965,"R$ 32.132,62",31/10/2025,31/10/2025,03/11/2025,03/11/2025,03/11/2025,ENVIADO À DOF
"ÁGUIA SERVIÇOS DE VIGILÂNCIA LTDA
(CONFÚCIO)",11.516.861/0001-43,"Prestação de serviços Vigilância Armada posto de 24 horas diárias, de segunda a domingo, visando atender as necessidades, sendo 1 (um) posto para Instituto de Inovação Tecnológica da UPE e 1 (um) posto para o Instituto Confúcio",01902022PREGIXPE0126SAD,PREGÃO ELETRÔNICO,21,2023,01/11/2023,2º,01/11/2026,-,-,"R$ 18.286,55","R$ 219.438,60","R$ 566.883,05",EM EXECUÇÃO,SERVIÇO COM MÃO DE OBRA,341,60 DIAS,Eduardo Periquito (CONTRATOS),Igor (CONFÚCIO),- - - - -,8666/93,11239,"R$ 18.286,55",29/11/2025,,11/11/2025,11/11/2025,11/11/2025,ENVIADO À DOF
"ÁGUIA SERVIÇOS DE VIGILÂNCIA LTDA 
(IIT)",11.516.861/0001-43,"Prestação de serviços Vigilância Armada posto de 24 horas diárias, de segunda a domingo, visando atender as necessidades, sendo 1 (um) posto para Instituto Inovação Tecnológica da UPE e 1 (um) posto para o Instituto Confúcio",01902022PREGIXPE0126SAD,PREGÃO ELETRÔNICO,21,2023,01/11/2023,2º,01/11/2026,-,-,"R$ 18.286,55","R$ 219.438,60","R$ 566.883,05",EM EXECUÇÃO,SERVIÇO COM MÃO DE OBRA,341,60 DIAS,Eduardo Periquito (CONTRATOS),Márcia Macedo (IIT),- - - - -,8666/93,11239,"R$ 18.286,55",29/11/2025,,19/11/2025,19/11/2025,19/11/2025,PENDENTE DE ATESTO
"MAXIFROTA SERVIÇOS DE MANUTENÇÃO E FROTA
(UPE-EAD)",27.284.516/0001-61,"Prestação do serviço de gerenciamento do abastecimento veículos/equipamentos envolvendo a implantação e operação de um sistema informatizado, via internet, através da tecnologia de cartão eletrônico para a Reitoria da UPE ",01982019CCPLEXIPE0139SAD,ADESÃO A ATA DE REGISTRO DE PREÇO,03,2020,21/09/2020,4º,21/09/2026,"001.2025 E
002/2025 AO TERMO DE ADESÃO 003.2020.096.UPEEAD.001",4º,,"R$ 221.657,91","R$ 111.849,00",EM EXECUÇÃO,SERVIÇO,300,30 DIAS,Eduardo Periquito (CONTRATOS),Érica Joéllen (SERVTRANS)),- - - - -,8666/93,356453,"R$ 2.409,25",01/11/2025,01/11/2025,03/11/2025,03/11/2025,03/11/2025,ENVIADO À DOF
"MAXIFROTA SERVIÇOS DE MANUTENÇÃO E FROTA
(UPE-REITORIA)",27.284.516/0001-61,"Prestação do serviço de gerenciamento do abastecimento veículos/equipamentos envolvendo a implantação e operação de um sistema informatizado, via internet, através da tecnologia de cartão eletrônico para a Reitoria da UPE ",01982019CCPLEXIPE0139SAD,ADESÃO A ATA DE REGISTRO DE PREÇO,03,2020,21/09/2020,4º,21/09/2026,001.2025 AO TERMO DE ADESÃO N° 003.2020.095.UPE.001,4º,"R$ 1.500,00","R$ 63.318,33","R$ 36.596,53",EM EXECUÇÃO,SERVIÇO,300,30 DIAS,Eduardo Periquito (CONTRATOS),Érica Joéllen (SERVTRANS)),- - - - -,8666/93,356449,"R$ 1.663,67",01/11/2025,01/11/2025,03/11/2025,03/11/2025,03/11/2025,ENVIADO À DOF
"RM TERCEIRIZAÇÃO E GESTÃO DE RECURSOS HUMANOS LTDA
(MATA NORTE - MÃO DE OBRA)",05.465.222/0001-01,"Prestação de serviços de mão de obra - do tipo apoio administrativo, com jornada de trabalho de 44 horas semanais, de segunda a sexta, diurno, visando à realização de atividades administrativas acessórias, instrumentais ou complementares para atender o Campus Mata Norte da Universidade de Pernambuco, conforme as especificações contidas no Termo de Referência, na proposta da CONTRATADA e nos demais documentos constantes do processo administrativo em epígrafe (Convênio Federal nº 863163).",00342023PREGXVPE0030SAD,ADESÃO A ATA DE REGISTRO DE PREÇO,25,2024,23/09/2024,-,31/12/2025,-,-,"R$ 10.626,24","R$ 138.141,12","R$ 52.688,44",EM EXECUÇÃO,SERVIÇO COM MÃO DE OBRA,36,60 DIAS,Gevson Andrade (MATA NORTE),Edlene Nascimento (CMN),Joás Aquino (CONTRATOS),8666/93,2264,"R$ 13.292,20",31/10/2025,31/10/2025,03/11/2025,04/11/2025,05/11/2025,ENVIADO À DOF
"H.A.P.L. REFRIGERAÇÃO E SERVIÇOS EM GERAL LTDA
(IIT)",50.128.684/0001-80,"Prestação dos serviços de manutenção preventiva e corretiva de aparelhos de ar-condicionado da UPE, divididos em 04 (quatro) lotes distintos: 1º LOTE – UPE Reitoria; 2º LOTE – UPE Campus Caruaru; 3º LOTE – Instituto Confúcio da UPE; 4º LOTE - Instituto de Inovação Tecnológica (IIT) da UPE.",15812024CPLREITPE0023FESPUPE,PREGÃO ELETRÔNICO,27,2024,12/11/2024,-,12/11/2026,-,-,"R$ 11.028,23","R$ 132.338,76","R$ 114.698,80",EM EXECUÇÃO,SERVIÇO,352,60 DIAS,Ramon Araújo (CONTRATOS)S,Márcia Macedo (IIT),- - - - -,14133/21,311,"R$ 1.249,08",03/11/2025,03/11/2025,04/11/2025,07/11/2025,10/11/2025,ENVIADO À DOF
"H.A.P.L. REFRIGERAÇÃO E SERVIÇOS EM GERAL LTDA
(CARUARU)",50.128.684/0001-80,"Prestação dos serviços de manutenção preventiva e corretiva de aparelhos de ar-condicionado da UPE, divididos em 04 (quatro) lotes distintos: 1º LOTE – UPE Reitoria; 2º LOTE – UPE Campus Caruaru; 3º LOTE – Instituto Confúcio da UPE; 4º LOTE - Instituto de Inovação Tecnológica (IIT) da UPE.",15812024CPLREITPE0023FESPUPE,PREGÃO ELETRÔNICO,27,2024,12/11/2024,-,12/11/2026,-,-,"R$ 11.028,23","R$ 132.338,76","R$ 114.698,80",EM EXECUÇÃO,SERVIÇO,352,60 DIAS,Ramon Araújo (CONTRATOS)S,Robson Carvalho (CARUARU),- - - - -,14133/21,310,"R$ 833,33",03/11/2025,03/11/2025,04/11/2025,05/11/2025,05/11/2025,ENVIADO À DOF
H.A.P.L. REFRIGERAÇÃO E SERVIÇOS EM GERAL LTDA (CONFÚCIO),50.128.684/0001-80,"Prestação dos serviços de manutenção preventiva e corretiva de aparelhos de ar-condicionado da UPE, divididos em 04 (quatro) lotes distintos: 1º LOTE – UPE Reitoria; 2º LOTE – UPE Campus Caruaru; 3º LOTE – Instituto Confúcio da UPE; 4º LOTE - Instituto de Inovação Tecnológica (IIT) da UPE.",15812024CPLREITPE0023FESPUPE,PREGÃO ELETRÔNICO,27,2024,12/11/2024,-,12/11/2026,-,-,"R$ 11.028,23","R$ 132.338,76","R$ 114.698,80",EM EXECUÇÃO,SERVIÇO,352,60 DIAS,Ramon Araújo (CONTRATOS)S,Igor (CONFÚCIO),- - - - -,14133/21,309,"R$ 833,33",03/11/2025,03/11/2025,04/11/2025,11/11/2025,11/11/2025,ENVIADO À DOF
"H.A.P.L. REFRIGERAÇÃO E SERVIÇOS EM GERAL LTDA
(REITORIA)",50.128.684/0001-80,"Prestação dos serviços de manutenção preventiva e corretiva de aparelhos de ar-condicionado da UPE, divididos em 04 (quatro) lotes distintos: 1º LOTE – UPE Reitoria; 2º LOTE – UPE Campus Caruaru; 3º LOTE – Instituto Confúcio da UPE; 4º LOTE - Instituto de Inovação Tecnológica (IIT) da UPE.",15812024CPLREITPE0023FESPUPE,PREGÃO ELETRÔNICO,27,2024,12/11/2024,-,12/11/2026,-,-,"R$ 11.028,23","R$ 132.338,76","R$ 114.698,80",EM EXECUÇÃO,SERVIÇO,352,60 DIAS,Ramon Araújo (CONTRATOS)S,Érica Joéllen (SERVTRANS)),- - - - -,14133/21,308,"R$ 8.112,48",03/11/2025,03/11/2025,04/11/2025,04/11/2025,05/11/2025,ENVIADO À DOF
"BENIT CONSTRUÇÕES, TERCEIRIZAÇÃO E SERVIÇOS LTDA 
( FOP SANTO AMARO)
LIMPEZA - ADITIVO EM CONTRATO DO HUOC",24.320.865/0001-01,"Prestação de Serviço de LIMPEZA PREDIAL para atender ao NOVO PRÉDIO DA FOP, localizado na Av. Norte, N° 80.",00142020CCPLEIVPE0013SADHUOC,PREGÃO PRESENCIAL,183,2020,11/12/2024,7°,01/12/2025,-,-,"R$ 19.480,00","R$ 233.760,00","R$ 182.810,44",EM EXECUÇÃO,SERVIÇO,6,30 DIAS,Patrícia Lopes (PROADMI),Alexandre Wanderley (FOP),Ramon Araújo (CONTRATOS),8666/93,229,"R$ 21.126,45",31/10/2025,31/10/2025,04/11/2025,09/11/2025,10/11/2025,ENVIADO À DOF
"ÁGUIA SERVIÇOS DE VIGILÂNCIA LTDA 
(FOP)",11.516.861/0001-43,"Prestação de serviço de VIGILÂNCIA ARMADA  para atender ao NOVO PRÉDIO DA FOP, localizado na Av. Norte, N° 80.",01902022PREGIXPE0126SAD,ADESÃO À ATA DE REGISTRO DE PREÇO,214,2024,31/10/2024,3°,30/10/2025,-,-,"R$ 182.488,82","R$ 2.189.865,79","R$ 145.735,80",EM EXECUÇÃO,SERVIÇO,ENCERRADO HÁ 26 DIAS,< 10 DIAS,Joás Aquino (CONTRATOS),Alexandre Wanderley (FOP),Joás Aquino (CONTRATOS),8666/93,11241,"R$ 22.159,48",29/10/2025,29/10/2025,12/11/2025,12/11/2025,12/11/2025,ENVIADO À DOF
"BBC SERVICOS DE VIGILANCIA LTDA
(CARUARU)",03.401.987/0001-44,"Prestação de serviços de VIGILÂNCIA ARMADA, nos termos da LEI FEDERAL N° 7.102/83, PREGÃO ELETRÔNICO N° 0086.2018 e PROCSSO N° 0138.2018.CCPLE-V.PE.0086.SAD, referentes a UPE CAMPUS CARUARU.", 01382018CCPLEVPE0086SAD,PREGÃO ELETRÔNICO,08,2024,01/09/2024,2°,31/08/2025,-,-,"R$ 5.691,10","R$ 136.586,40","R$ 28.524,36",EM EXECUÇÃO,SERVIÇO,ENCERRADO HÁ 86 DIAS,30 DIAS,Joás Aquino (CONTRATOS),Robson Carvalho (CARUARU),- - - - -,8666/93,,,,,,,,PENDENTE DE ATESTO
"DINAMÉRICA SERVIÇOS GERAIS EIRELI ME
(CARUARU)",04.225.216/0001-06,"Prestação de serviços de Limpeza em Ambiente Escolar, abrangendo prédio, mobiliário e equipamentos escolares, da UPE – Campus Caruaru e Serra Talhada, visando à obtenção de adequadas condições de salubridade e higiene, com a disponibilização de mão de obra, saneantes domissanitários, materiais e equipamentos, referentes ao PREGÃO ELETRÔNICO Nº 109/2019, PROCESSO LICITATÓRIO No 0156.2019.CCPLE-V.PE.0109.SAD.FFPG-UPE.",01562019CCPLEVPE0109SADFFPGUPE,PREGÃO ELETRÔNICO,06,2019,16/12/2019,9º,15/12/2025,-,-,"R$ 5.953,88","R$ 71.446,56","R$ 14.884,70",EM EXECUÇÃO,SERVIÇO COM MÃO DE OBRA,20,SEM ANUÊNCIA DA EMPRESA,Joás Aquino (CONTRATOS),Robson Carvalho (CARUARU),- - - - -,8666/93,,,,,,,,ENCERRADO
SIMPRESS COMÉRCIO LOCAÇÃO E SERVIÇOS LTDA,07.432.517/0001-07,"Contratação de empresa especializada na prestação de serviços especializados de impressão, incluindo: locação de equipamentos (impressoras e multifuncionais); reposição de suprimentos (exceto papel); disponibilização de sistemas para gestão informatizada da solução; além de suporte técnico remoto e manutenção presencial (preventiva e corretiva) para atender às necessidades da Universidade de Pernambuco",00142023PREGVIIPE0012SADATI,ADESÃO À ATA DE REGISTRO DE PREÇO,26,2024,31/10/2024,,31/10/2027,,,-,"R$ 138.902,04","R$ 0,00",EM EXECUÇÃO,SERVIÇO,705,,Clara Tobias (DTIC),José Jerônimo - DTIC,Eduardo Periquito (CONTRATOS),8666/93,,,,,,,,
"Gestão de Terceirização em Serviços Seleção e Agenciamento de Mão de Obra
(ELETRICISTA)",11457039000159,"Prestação de serviços de mão de obra terceirizada, função eletricista, por um período de 12 meses, com disponibilização de equipamentos e utensílios necessários à adequada execução dos serviços, a fim de atender as demandas da Reitoria da Universidade de Pernambuco UPE, conforme disposições contidas no Termo de Referência, edital e respectivo anexos, do PROCESSO Nº 0062.2023, PREGÃO ELETRÔNICO Nº 0049.2023.",00622023PREGXIVPE0049SAD,PREGÃO ELETRÔNICO,JMF,2024,12/12/2024,-,12/12/2025,-,-,"R$ 5.508,89","R$ 66.106,68","R$ 13.404,97",EM EXECUÇÃO,SERVIÇO COM MÃO DE OBRA,17,SEM ANUÊNCIA DA EMPRESA,Eduardo Periquito (CONTRATOS),Roberto Lima (Manut. Predial),- - - - -,8666/93,9044,"R$ 5.508,89",31/10/2025,31/10/2025,03/11/2025,04/11/2025,05/11/2025,ENVIADO À DOF
"Gestão de Terceirização em Serviços Seleção e Agenciamento de Mão de Obra
(MANUTENÇÃO PREDIAL)
ITEP (ANTIGA FOP CIDADE UNIVERSITÁRIA)",11.457.039/0001-59,"Prestação de serviços de Manutenção Predial, preventiva e corretiva, com disponibilização de equipamentos, ferramentas e utensílios, sem reposição e substituição de peças.",00622023PREGXIVPE0049SAD,PREGÃO ELETRÔNICO,30,2024,17/12/2024,-,17/12/2025,-,-,-,"R$ 159.864,48","R$ 159.864,48",EM EXECUÇÃO,SERVIÇO COM MÃO DE OBRA,22,SEM ANUÊNCIA DA EMPRESA,Eduardo Periquito (CONTRATOS),Roberto Lima (Manut. Predial),- - - - -,8666/93,,,,,,,,PENDENTE DE ATESTO
"Rede Nacional de Ensino e Pesquisa - RNP
(LGPD)",03.508.097/0001-36,"Prestação de serviço especializado de consultoria em TIC, consistente na estruturação de um Programa de Governança em Privacidade específico para a Contratante, a fim de permitir sua adequação à Leri Geral de Proteção de Dados - LGPD",32022024CPLREITDL0079FESPUPE,DISPENSA,31,2024,18/12/2024,-,18/12/2025,,,-,"R$ 197.240,60","R$ 197.240,60",EM EXECUÇÃO,SERVIÇO,23,60 DIAS,Clara Tobias (DTIC),Paula Izabel Bezerra Rocha Wanderley,Eduardo Periquito (CONTRATOS),14133/21,,,,,,,,
"DTEL Telecom LTDA
(SURUBIM)",09.376.370/0001-00,"Prestação de serviço de acesso à INTERNET através de 01 (um) link de 1000 Mbps para a Fundação Universidade de Pernambuco - Unidade Surubim, dedicado e full duplex por empresa especializada e, devidamente autorizada pela ANATEL",31812024CCDDL0075FESPUPE,DISPENSA,32,2024,18/12/2024,-,18/12/2025,,,-,"R$ 19.901,00","R$ 3.951,00",EM EXECUÇÃO,SERVIÇO,23,60 DIAS,Alberto dos Santos Júnior (DTIC),Gevson Andrade (CMN),Joás Aquino (CONTRATOS),14133/21,,,,,,,,
CASP Soluções Informática LTDA,16.694.290/0001-50,"Prestação de serviços de desenvolvimento, manutenção corretiva e evolutiva, testes, documentação, integração e implantação de sistemas nos ambientes de desenvolvimento, homologação e produção, em multiplataforma de desenvolvimento e banco de dados",32862024CCDDL0090FESPUPE,DISPENSA,33,2024,19/12/2024,-,19/12/2025,,,"R$ 3.875,00","R$ 46.500,00","R$ 46.500,00",EM EXECUÇÃO,SERVIÇO,24,60 DIAS,Arthur George (PRODEP), Luciane Farias de Araújo (Profa. FOP),Eduardo Periquito (CONTRATOS),14133/21,,,,,,,,
"COMPANHIA EDITORA DE PERNAMBUCO - CEPE
(GESTÃO DOCUMENTAL)",10.921.252/0001-07,Serviços de digitalização dos dossiês dos servidores necessidades da Pró-Reitoria de Desenvolvimento de Pessoas (PRODEP) da Universidade de Pernambuco,15582024AC12IN0157SAD,INEXIGIBILIDADE,35,2024,18/12/2024,-,18/12/2025,-,-,"R$ 12.487,87","R$ 149.854,40","R$ 84.043,46",EM EXECUÇÃO,SERVIÇO,23,60 DIAS,Patrícia Nery (PRODEP),Arthur George (PRODEP),Eduardo Periquito (CONTRATOS),14133/21,,,,,,,,
SERVITIUM LTDA,00.558.943/0001-34,"Prestação de serviços de jardinagem, a serem executados com regime de dedicação exclusiva de mão de obra",06122024AC14PE0281SAD,ADESÃO À ATA DE REGISTRO DE PREÇO,01,2025,03/01/2025,-,03/01/2026,,,"R$ 3.485,73","R$ 41.828,76","R$ 16.499,12",EM EXECUÇÃO,SERVIÇO COM MÃO DE OBRA,39,60 DIAS,Eduardo Periquito (CONTRATOS),Roberto Lima (Manut. Predial),- - - - -,14133/21,,,,,,,,PENDENTE DE ATESTO
MEDICAL HARBOUR APARELHOS MÉDICO-HOSPITALARES E SERVIÇOS DE TECNOLOGIA LTDA,23.543.913/0001-50,"Contratação de assinatura anual para 600 acessos para a ferramenta BioAtlas Humano, da empresa Medical Harbour, para atendimento da Universidade de Pernambuco",32242024CPLREITIN0018FESPUPE,INEXIGIBILIDADE,02,2025,14/01/2025,,14/01/2026,,,-,"R$ 100.800,00","R$ 100.800,00",EM EXECUÇÃO,SERVIÇO,50,,Cláudia Henriques (NBID),Cláudia Cristina (NBID),Eduardo Periquito (CONTRATOS),14133/21,,,,,,,,
EBSCO BRASIL LTDA,42.356.782/0001-46,"Assinatura da base de evidências médicas DynaMed, da EBSCO, para atendimento aos servidores, alunos, professores e médicos da Universidade de Pernambuco.",01062022CPLREITIN0032FESPUPE,INEXIGIBILIDADE,46,2022,03/11/2024,3º,03/11/2026,,3º,"R$ 10.441,67","R$ 391.382,29","R$ 375.900,00",EM EXECUÇÃO,SERVIÇO,343,60 DIAS,Cláudia Henriques (NBID),Cláudia Cristina (NBID),Eduardo Periquito (CONTRATOS),8666/93,,,,,,,,
MINHA BIBLIOTECA LTDA,13.183.749/0001-63,Contratação de assinatura anual (licença de uso) de biblioteca digital (base de dados) de livros eletrônicos (e-books) MINHA BIBLIOTECA,01802024CPLREITIN0005FESPUPE,INEXIGIBILIDADE,23,2024,02/08/2024,1º,02/08/2026,,,,"R$ 344.749,44","R$ 344.749,44",EM EXECUÇÃO,SERVIÇO,250,,Cláudia Henriques (NBID),Cláudia Cristina (NBID),Eduardo Periquito (CONTRATOS),14133/21,,,,,,,,
"ASSOCIACAO PARANAENSE DE CULTURA
PERGAMUM",76.659.820/0046-53,Prestação do serviço de manutenção e suporte técnico do software PERGAMUM para atender o Núcleo de Gestão de Bibliotecas e Documentação (NBID),01282023CCDIN0018FESPUPE,INEXIGIBILIDADE,09,2024,21/02/2024,,21/02/2029,,,,"R$ 48.903,50","R$ 19.561,40",EM EXECUÇÃO,SERVIÇO,1184,,Cláudia Henriques (NBID),Cáudia Cristina (NBID),Joás Aquino (CONTRATOS),14133/21,,,,,,,,
PEARSON EDUCATION DO BRASIL LTDA,01.404.158/0018-38,"Contratação de serviço de acesso à plataforma de livros eletrônicos, Biblioteca Virtual",01302021CPLREITIN0016FESPUPE,INEXIGIBILIDADE,39,2021,30/11/2021,5º,30/11/2025,,5º,"R$ 35.138,59","R$ 2.164.974,24","R$ 1.139.871,54",EM EXECUÇÃO,SERVIÇO,5,30 DIAS,Cláudia Henriques (NBID),Cláudia Cristina (NBID),Joás Aquino (CONTRATOS),8666/93,53286                                                              53288,"R$ 7.315,23                                                           R$ 29.260,93",27/10/2025,27/10/2025,29/10/2025,30/10/2025,31/10/2025,ENVIADO À DOF
EMPRESA BRASILEIRA DE CORREIOS E TELÉGRAFOS - ETC,34.028.316/0021-57,"Contratação de produtos e serviços por meio de Pacote de Serviços dos CORREIOS mediante adesão ao Termo de Condições Comerciais e Anexos, quando contratados serviços específicos, que permite a compra de produtos e utilização dos diversos serviços dos CORREIOS por meio dos canais de atendimento disponibilizados.",00602020CCDDL0035FESPUPE,DISPENSA,15,2021,18/03/2021,-,17/03/2026,-,-,"R$ 546,31","R$ 60.000,00","R$ 26.223,08",EM EXECUÇÃO,SERVIÇO,112,,Joás Aquino (CONTRATOS),Maria do Carmo (Protocolo),- - - - -,8666/93,,,,,,,,ENVIADO À DOF
"COMPANHIA EDITORA DE PERNAMBUCO - CEPE
(DIGITALIZAÇÃO)",10.921.252/0001-07,"Prestação de serviços de digitalização de documentos, contemplando preparação, organização, traslado e armazenamento de documentos físicos e digitais, realização de gestão, incluindo a definição de rotinas de busca e recuperação dos documentos armazenados fisicamente, para atender as necessidades da Universidade de Pernambuco",00482023AC22IN0005SAD,INEXIGIBILIDADE,24,2024,15/08/2024,1º,14/08/2026,-,,-,"R$ 167.219,64","R$ 79.354,80",EM EXECUÇÃO,SERVIÇO,262,PRORROGADO,Ernani Martins dos Santos (PROGRAD),Cláudia Alves de Sena - PROGRAD,Eduardo Periquito (CONTRATOS),8666/93,,,,,,,,
"MÁXXIMA EMPREENDIMENTOS LTDA
(FOP SANTO AMARO)",07.534.634/0001-73,"SERVICO DE LOCACAO DE IMOVEL - TIPO PREDIO,LOCALIZADO NO BAIRRO DE SANTO AMARO, CIDADE RECIFE,COM AREA CONSTRUIDA DE 8.900,01 A 9.000,00M2.",02442024CPLREITIN0001FESPUPE,INEXIGIBILIDADE,18,2024,01/10/2024,2º,01/10/2029,-,-,"R$ 210.159,59","R$ 2.521.915,08","R$ 1.258.039,14",EM EXECUÇÃO,SERVIÇO,1406,,Eduardo Periquito (CONTRATOS),Alexandre Wanderley (FOP),- - - - -,14133/21,FATURA,"R$ 170.000,00                                       R$ 39.673,00",31/10/2025,31/10/2025,03/11/2025,03/11/2025,05/11/2025,ENVIADO À DOF
"MÁXXIMA EMPREENDIMENTOS LTDA
(REEMBOLSO REFORMA)
(FOP SANTO AMARO)",07.534.634/0001-73,"SERVICO DE LOCACAO DE IMOVEL - TIPO PREDIO,LOCALIZADO NO BAIRRO DE SANTO AMARO, CIDADE RECIFE,COM AREA CONSTRUIDA DE 8.900,01 A 9.000,00M2.",02442024CPLREITIN0001FESPUPE,INEXIGIBILIDADE,18,2024,01/10/2024,2º,01/10/2029,-,-,"R$ 210.159,59","R$ 2.521.915,08","R$ 1.258.039,14",EM EXECUÇÃO,SERVIÇO,1406,,Eduardo Periquito (CONTRATOS),Alexandre Wanderley (FOP),- - - - -,14133/21,FATURA,"R$ 133.333,33",31/10/2025,31/10/2025,03/11/2025,03/11/2025,05/11/2025,ENVIADO À DOF
BRASLUSO TURISMO LTDA,09.480.880/0001-15,"Serviço de reserva, emissão e entrega de bilhetes aéreos para viagens nacionais e internacionais e demais serviços correlatos, através de disponibilização de sistema informatizado para atender às demandas da Reitoria da UPE.",0471/2023AC60PE0405SAD,PREGÃO ELETRÔNICO,20,2024,15/07/2024,,15/07/2025,-,-,"R$ 35.986,33","R$ 431.835,94","R$ 431.835,94",ENCERRADO,SERVIÇO,ENCERRADO HÁ 133 DIAS,ENCERRADO,Marília Freitas (SERVTRANS),Érica Joéllen (SERVTRANS)),Eduardo Periquito (CONTRATOS),8666/93,,,,,,,,ENCERRADO
CPTEC SOLUCÕES EM TECNOLOGIA DA INFORMACÃO LTDA,10.362.933/0001-82,"contratação de empresa especializada na prestação de solução 
integrada e gerenciada de software de proteção antivírus e antispyware (antimalware) visando
atender às demandas desta NCTI/UPE",0093.2021.CCPLEVIII.PE.0087.SAD.ATI,PREGÃO ELETRÔNICO,56,2022,27/10/2022,1º,27/10/2025,-,Nº 002.2019.UPEREITORIA.001,-,"R$ 142.724,20","R$ 142.724,20",ENCERRADO,SERVIÇO,ENCERRADO HÁ 29 DIAS,< 10 DIAS,André César Wanderley Gomes  (DTIC),Ivo Luiz de Paula Ribeiro - DTIC,Eduardo Periquito (CONTRATOS),8666/93,,,,,,,,
CPTEC SOLUCÕES EM TECNOLOGIA DA INFORMACÃO LTDA,10.362.933/0001-82,"Prestação de solução integrada e gerenciada de software de proteção antivírus e antispyware (antimalware), visando atender às demandas da Reitoria da UPE",0093.2021.CCPLEVIII.PE.0087.SAD.ATI,PREGÃO ELETRÔNICO,49,2022,09/11/2022,"Nº 002 AO TERMO DE ADESÃO 002.2019.UPEREITORIA.001
",09/11/2025,-,-,-,"R$ 19.996,20","R$ 19.996,20",ENCERRADO,SERVIÇO,ENCERRADO HÁ 16 DIAS,60 DIAS,André César Wanderley Gomes  (DTIC),Ivo Luiz de Paula Ribeiro - DTIC,Eduardo Periquito (CONTRATOS),8666/93,,,,,,,,
OI S.A. - EM RECUPERACAO JUDICIAL,76.535.764/0001-43,"prestação de serviços técnicos especializados de implantação, operacionalização e manutenção de uma solução de telemática, com operação técnica integrada e especializada, para o Governo do Estado de Pernambuco e outros Poderes, formando a chamada REDE PE-CONECTADO II",0226.2018.CEL.PE.0146.SAD,PREGÃO ELETRÔNICO,002/SAD/SEADM,2019,01/12/2024,ADENDO AO TERMO DE ADESÃO N° 002.2019.REITORIA.001,30/11/2025,2º,-,"R$ 489,23","R$ 5.870,80","R$ 2.242,33",EM EXECUÇÃO,SERVIÇO,5,30 DIAS,Haroldo José da Costa (DTIC),Ivo Luiz de Paula Ribeiro - DTIC,Joás Aquino (CONTRATOS),8666/93,,,,,,,,
OI S.A. - EM RECUPERACAO JUDICIAL,76.535.764/0001-43,"prestação de serviços técnicos especializados de implantação, operacionalização e manutenção de uma solução de telemática, com operação técnica integrada e especializada, para o Governo do Estado de Pernambuco e outros Poderes, formando a chamada REDE PE-CONECTADO II",Nº 0226.2018.CEL.PE.0146.SAD,PREGÃO ELETRÔNICO,002/SAD/SEADM,2020,01/05/2025,ADENDO AO TERMO DE ADESÃO N° 002.2020.REITORIA.001,30/04/2026,,-,"R$ 12.217,49","R$ 146.609,88","R$ 363.774,38",EM EXECUÇÃO,SERVIÇO,156,,Haroldo José da Costa (DTIC),Ivo Luiz de Paula Ribeiro - DTIC,Joás Aquino (CONTRATOS),8666/93,,,,,,,,
CLARO S.A.,40.432.544/0001-47,"prestação de serviços técnicos especializados de implantação, operacionalização e manutenção de uma solução de telemática, com operação técnica integrada e especializada, para o Governo do Estado de Pernambuco e outros Poderes, formando a chamada REDE PE-CONECTADO II",Nº 0226.2018.CEL.PE.0146.SAD,PREGÃO ELETRÔNICO,003/SAD/SEADM/2019,2019,01/12/2024,ADENDO AO TERMO DE ADESÃO 003.2019.UPEREITORIA.001,30/11/2025,2º,-,"R$ 1.982,08","R$ 23.980,42","R$ 103.786,87",EM EXECUÇÃO,SERVIÇO,5,30 DIAS,Marília Freitas (SERVTRANS),Patrícia Lopes (COORD. ADM),- - - - -,8666/93,,,,,,,,
MAPROS LTDA,08.980.641/0001-61,"Contratação direta da prestação de serviços de locação de 2 (dois) no-breaks, na Potência de 15kva para atender a necessidades do Datacenter da Diretoria de Tecnologia da Informação e  Comunicação da Reitoria-UPE",0095.2023.CCD.DL0065.FESP-UPE,DISPENSA DE LICITAÇÃO,24,2023,14/12/2023,1º,11/08/2026,,2º,"R$ 3.565,68","R$ 42.788,16","R$ 64.098,27",EM EXECUÇÃO,SERVIÇO,259,90 DIAS,Clara Tobias (DTIC),José Jerônimo - DTIC,Eduardo Periquito (CONTRATOS),8666/93,,,,,,,,
"UNIVERSIDADE FEDERAL DE PERNAMBUCO - UFPE
(SIG@)",24.134.488/0001-08,"Utilização da atual plataforma do Sistema de Informações e Gestão Acadêmica - SIG@, no âmbito da UPE, abrangendo os serviços de hospedagem, administração e gestão do ambiente operacional, implantação de novos módulos já implementados, capacitação de multiplicadores e manutenção do sistema",0263.2024.CPL.REIT.IN.0002.FESP-UPE,INEXIGIBILIDADE,21,2024,23/07/2024,1º,23/07/2026,,,,"R$ 290.000,00","R$ 290.000,00",EM EXECUÇÃO,SERVIÇO,240,,Cláudia Alves de Sena (PROGRAD),Roselene Rocha (PROGRAD),Joás Aquino (CONTRATOS),14133/21,,,,,,,,
ABS TRANSPORTES E TURISMO,02.355.633/0001-48,"Contratação emergencial para a prestação de Serviço de Locação de 03 (três) Veículos, por meio de Dispensa Eletrônica de Licitação com fundamento no art. 75, inc. VIII da Lei nº 14.133/21, visando atender as necessidades da Reitoria da Universidade de Pernambuco, pelo período de até 03 (três) meses",39502025CCDUPECD0001FESPUPE,DISPENSA EMERGENCIAL,05,2025,15/04/2025,-,11/06/2025,,,"R$ 19.861,50","R$ 59.584,50","R$ 49.653,75",ENCERRADO,SERVIÇO,ENCERRADO HÁ 167 DIAS,ENCERRADO,Eduardo Periquito (CONTRATOS),Érica Joéllen (SERVTRANS)),- - - - -,14133/21,,,,,,,,ENCERRADO
MCR SISTEMAS E CONSULTORIA LTDA,04.198.254/0001-17,"Fornecimento de licenças de software do tipo “AutoCAD LT”, com cessão para uso válida por 12 (doze) meses.",3947.2025.CCDUPE.DL.0005.FESP-UPE,DISPENSA DE LICITAÇÃO,07,2025,19/05/2025,,19/05/2026,,,-,"R$ 12.810,00","R$ 12.810,00",EM EXECUÇÃO,SERVIÇO,175,,Ligia Maria Souza Barros de Oliveira (ENGENHARIA),Silvia Maria da Costa Porto Menela - ENG,Joás Aquino (CONTRATOS),14133/21,,,,,,,,LIQUIDADO EM PAGAMENTO ÚNICO
SIEMENS HEALTHCARE DIAGNOSTICOS LTDA (TOMOGRAFIA),01.449.930/0006-02,"Fornecimento de aparelho de RESSONÂNCIA MAGNÉTICA e
aparelho de TOMOGRAFIA COMPUTADORIZADA POR RAIOS X",0029.2023.CPL.REIT.PE.0011.FESP-UPE,PREGÃO ELETRÔNICO,03,2025,15/01/2025,,13/08/2025,,,,"R$ 9.393.738,30","R$ 9.393.738,30",EM EXECUÇÃO,EQUIPAMENTO,ENCERRADO HÁ 104 DIAS,< 10 DIAS,Maria Soares Albuquerque (PROCAPE),Ivan Silva Oliveira (PROCAPE),Joás Aquino (CONTRATOS),14133/21,,,,,,,,ENCERRADO
SIEMENS HEALTHCARE DIAGNOSTICOS LTDA (RESSONÂNCIA),01.449.930/0006-02,"Fornecimento de aparelho de RESSONÂNCIA MAGNÉTICA e
aparelho de TOMOGRAFIA COMPUTADORIZADA POR RAIOS X",0029.2023.CPL.REIT.PE.0011.FESP-UPE,PREGÃO ELETRÔNICO,03,2025,15/01/2025,,13/08/2025,,,,"R$ 9.393.738,30","R$ 9.393.738,30",EM EXECUÇÃO,EQUIPAMENTO,ENCERRADO HÁ 104 DIAS,< 10 DIAS,Maria Soares Albuquerque (PROCAPE),Ivan Silva Oliveira (PROCAPE),Joás Aquino (CONTRATOS),14133/21,,,,,,,,ENCERRADO
"CENTRO DE INTEGRAÇÃO EMPRESA ESCOLA DE
PERNAMBUCO - CIEE",10.998.292/0001-57,"contratação de empresa especializada na prestação de serviços de agente de integração para operacionalização do Programa de Estágio Corporativo, visando atender as
necessidades da Universidade de Pernambuco, de acordo com as especificações e demais disposições contidas no Termo de Referência, referente ao PREGÃO ELETRÔNICO Nº 0037.SAD, PROCESSO Nº 0043.2023.PREG-XII.PE.0037.SAD.",0043.2023.PREG-XII.PE.0037.SAD,PREGÃO ELETRÔNICO,20,2023,19/10/2024,3º,18/10/2026,,4º,"R$ 12.900,81","R$ 281.181,96","R$ 204.427,21",EM EXECUÇÃO,SERVIÇO COM MÃO DE OBRA,327,60 DIAS,Patrícia Nery (PRODEP),Ana Cláudia Lima (PRODEP),Eduardo Periquito (CONTRATOS),8666/93,,,,,,,,
"G S DE PAULA FIREWARE DIGITAL
(SAPIENS)",50.388.009/0001-90,"Prestação de serviços de manutenção e desenvolvimento de novas funcionalidades no sistema de software SAPIENS, visando atender as necessidades da Universidade de Pernambuco.",3076.2024.CPL.REIT.PE.0053.FESP-UPE,PREGÃO ELETRÔNICO,06,2025,14/01/2025,,14/10/2025,,,,"R$ 54.900,00","R$ 54.900,00",EM EXECUÇÃO,SERVIÇO,ENCERRADO HÁ 42 DIAS,30 DIAS,Alexandre Magno (PROPEGI),Rodrigo de Paula Monteiro (PROPEGI),Joás Aquino (CONTRATOS),14133/21,,,,,,,,
CONSTRUTORA AURÉLIO E SERVIÇOS LTDA, 19.703.302/0001-54,execução das obras de Construção do Bloco de Salas de Aula e Administrativo para o EAD-Polo da UPE em Tabira,0234.2023.CPL.REIT.CE.0001.FESP-UPE,"CONCORRÊNCIA ELETRÔNICA Nº
0001.2023",22,2024,31/07/2024,,30/01/2026,,,,"R$ 1.978.910,42","R$ 501.782,87",EM EXECUÇÃO,SERVIÇO,66,PRORROGADO,José Luiz Vieira da Cruz (ENGENHARIA), Franklin Andrade de Aguiar Vasconcelos - ENGENHARIA,Joás Aquino (CONTRATOS),14133/21,,,,,,,,
"EP Engrenagem Produções e Serviços Ltda
(ELÉTRICA DO BLOCO D)",04.614.627/0001-93,"Constitui objeto do presente CONTRATO a execução do serviço comum de engenharia de reforma elétrica do “Bloco D” da Reitoria da UPE, Campus Recife/PE, nas condições estabelecidas no ANEXO I – TERMO DE REFERÊNCIA, ANEXO II – ESPECIFICAÇÕES TÉCNICAS DOS SERVIÇOS, ANEXO III – PLANILHA ORÇAMENTÁRIA SEM DESONERAÇÃO, ANEXO III – COTAÇÃO, ANEXO IV – CRONOGRAMA FÍSICO-FINANCEIRO, ANEXO V – COMPOSIÇÃO DE PREÇOS, ANEXO VI – COMPOSIÇÃO DE BDI, ANEXO VII – ENCARGOS SOCIAIS, ANEXO VIII – PROJETOS, ANEXO IX – MEMÓRIA DE CÁLCULO, ANEXO X – ADMINISTRAÇÃO DA OBRA, na proposta da CONTRATADA e nos demais documentos constantes do processo relativo ao PREGÃO ELETRÔNICO Nº 0042.2024.",2921.2024.CPL UPE EN.PE.0042.FESP-UPE,PREGÃO ELETRÔNICO,29,2024,13/12/2024,3º,09/01/2026,-,3º,Medição,"R$ 167.348,59","R$ 103.206,32",EM EXECUÇÃO,SERVIÇO,45,,José Luiz Vieira da Cruz (ENGENHARIA),Elenilton Marques de Araújo - ENGENHARIA,Joás Aquino (CONTRATOS),14133/21,,,,,,,,
WC VIAGENS E TURISMO LTDA,13.480.254/0001-04,"Prestação de serviços de reserva, emissão e entrega de bilhetes
aéreos para viagens nacionais e internacionais e demais serviços correlatos",3391.2024.AC-03.PE.0819.SAD,PREGÃO ELETRÔNICO,13,2025,17/07/2025,,17/07/2026,,,,"R$ 744.827,31","R$ 0,00",EM EXECUÇÃO,SERVIÇO,234,,Marília Freitas (SERVTRANS),Érica Joéllen (SERVTRANS)),Joás Aquino (CONTRATOS),14133/21,,,,,,,,
"NAVERA ENGENHARIA LTDA
(CONFÚCIO)",33.358.693/0001-48,Contratação de empresa de engenharia para execução dos SERVIÇOS DE IMPERMEABILIZAÇÃO DA COBERTA E REFORMA DAS SALAS 02 E 04 DO PRIMEIRO ANDAR DO ANEXO DO INSTITUTO CONFÚCIO,1731.2024.CPL UPE EN.PE.0035.FESPUPE,PREGÃO ELETRÔNICO,12,2025,17/07/2025,,17/07/2026,,,,"R$ 140.499,99","R$ 0,00",EM EXECUÇÃO,SERVIÇO,234,,Igor Lapsky da Costa Francisco (CONFÚCIO),JEFFERSON GABRIEL PIMENTEL LEITE DE OLIVEIRA - CONFÚCIO,Joás Aquino (CONTRATOS),14133/21,,,,,,,,
"RENOVATION SERVIÇOS E MANUTENÇÃO PREDIAL LTDA
(Campus Santo Amaro - Reforma das Calçadas)",28.198.456/0001-27,"Prestação de serviços de reforma da pavimentação do Campus Santo Amaro da UPE (ESEF e condomínio), nas condições
estabelecidas no Termo de Referência, na proposta da CONTRATADA e nos demais documentos constantes do processo relativo ao PREGÃO ELETRÔNICO No 2951.2024.CPL UPE EN.PE.0047.FESP-
UPE.",2951.2024.CPL UPE EN.PE.0047.FESP-UPE,PREGÃO ELETRÔNICO,09,2025,25/06/2025,,22/03/2026,,,,"R$ 178.899,99","R$ 0,00",EM EXECUÇÃO,SERVIÇO,117,,Ligia Maria Souza Barros de Oliveira (ENGENHARIA),Natália Alexandre de Holanda Cavalcanti - ENG,Joás Aquino (CONTRATOS),14133/21,,,,,,,,
SOLSERV SERVICOS LTDA,14.056.350/0001-84,"Prestação de serviços de MOTORISTA, mediante a disponibilização de profissionais devidamente habilitados nas categorias “B”, “C” e “D”, para atender as demandas da Reitoria da UPE",1621.2024.AC-79.PE.0474.SAD,ADESÃO À ATA DE REGISTRO DE PREÇO,08,2025,25/06/2025,,25/06/2026,-,-,"R$ 16.639,62","R$ 199.675,44","R$ 0,00",EM EXECUÇÃO,SERVIÇO COM MÃO DE OBRA,212,,Eduardo Periquito (CONTRATOS),Érica Joéllen (SERVTRANS)),- - - - -,14133/21,,,,,,,,
"DRAGER DO BRASIL LTDA
(PROCAPE)",61.185.922/0001-05,Fornecimento de ventilador pulmonar para atender as necessidades do PROCAPE,0268.2024.CPL.REIT.PE.0005.FESP-UPE,PREGÃO ELETRÔNICO,10,2025,02/07/2025,-,30/10/2025,-,-,-,"R$ 98.306,71","R$ 0,00",EM EXECUÇÃO,EQUIPAMENTO,ENCERRADO HÁ 26 DIAS,< 10 DIAS,Maria Soares Albuquerque (PROCAPE),Ivan Silva Oliveira (PROCAPE),Joás Aquino (CONTRATOS),14133/21,,,,,,,,
APPROACH TECNOLOGIA LTDA,24.376.542/0001-21,contratação de empresa especializada parafornecimento de materiais (elementos de hardware e software) e serviços para a implantação de solução de hiperconvergência para atender ao NCTI Reitoria da UPE,0007824-11.2021.6.15.8000,PREGÃO ELETRÔNICO,59,2022,22/12/2022,,22/12/2025,,,,"R$ 957.100,00","R$ 599.000,00",EM EXECUÇÃO,SERVIÇO,27,60 DIAS,Rodrigo Gomes de Souza (DTIC),Ivo Luiz de Paula Ribeiro - DTIC,Eduardo Periquito (CONTRATOS),,,,,,,,,
"Rede Nacional de Ensino e Pesquisa - RNP
(Diploma Digital)",03.508.097/0001-36,"Contratação sob a dispensa de licitação prevista no art. 75. inciso XV da Lei n. 14.133 de 2021, do serviço de tecnologia da informação denominado Diploma Digital, o qual permite o registro e a emissão de diplomas digitais de graduação e documentos auxiliares",0239.2023.CPL.REIT.DL.0115.FESP-UPE,DISPENSA,30,2023,28/12/2023,,28/12/2026,,,,"R$ 194.064,30","R$ 194.064,30",EM EXECUÇÃO,SERVIÇO,398,,,,Joás Aquino (CONTRATOS),,,,,,,,,LIQUIDADO EM PAGAMENTO ÚNICO
"S S SANEL SAUDE LTDA EPP
(Dedetização - Reitoria)",20.160.797/0001-00,"SERVICO DE CONTROLE DE ANIMAIS E PRAGAS - Do tipo desinfestação de insetos rasteiros, Baratas, Escorpiões, Ratos e Cupins, com técnicas diversas, em áreas internas e externas. SERVICO DE CONTROLE DE ANIMAIS E PRAGAS - Do tipo prevenção de proliferação de pombos, com uso de gel repelente, em áreas internas e externas, marquises e coberta de todos os prédios da Reitoria da UPE.",3971.2025.CCD UPE.DL.0013.FESPUPE,DISPENSA,16,2025,03/09/2025,-,03/09/2026,-,-,"R$ 500,00","R$ 6.000,00","R$ 0,00",EM EXECUÇÃO,SERVIÇO,282,,Marília Freitas (SERVTRANS),Roberto Lima (Manut. Predial),- - - - -,14133/21,,,,,,,,
DEBORA MARIA DE FARIAS CAVALCANTI,33.336.537/0001-86,Prestação de Serviços Gráficos de Plotagem de Plantas e Projetos Diversos,3964.2025.CCD UPE.DL.0011.FESPUPE,DISPENSA,15,2025,27/08/2025,,27/08/2026,,,-,"R$ 5.904,00","R$ 830,00",EM EXECUÇÃO,SERVIÇO,275,,Ligia Maria Souza Barros de Oliveira (ENGENHARIA),Silvia Maria da Costa Porto Menela - ENG,Joás Aquino (CONTRATOS),14133/21,,,,,,,,
MBM SEGURADORA,87.883.807/0001-06,Prestação de serviços de Cobertura Securitária Seguro de Vida em Grupo e Contra Acidentes Pessoais Coletivos para os estudantes com estágios obrigatórios da Universidade de Pernambuco - Campus Caruaru,3961.2025.CCD UPE.DL.0009.FESP-UPE,DISPENSA,17,2025,23/09/2025,,23/09/2026,-,,,"R$ 1.205,28","R$ 1.205,28",EM EXECUÇÃO,SERVIÇO,302,,Mirele Moutinho Lima (CARUARU),Robson Carvalho (CARUARU),Ramon Araújo (CONTRATOS),14133/21,0001/25,"R$ 1.205,28",28/07/2025,29/07/2025,29/07/2025,17/10/2025,17/10/2025,ENVIADO À DOF
"EFICAZ SERVIÇOS E TERCEIRIZACÕES LTDA
(DEDETIZAÇÃO)",10.286.009/0001-64,"CONTRATAÇÃO DE EMPRESA ESPECIALIZADA EM SERVIÇOS DE CONTROLE DE ANIMAIS E PRAGAS DO TIPO DESINFESTAÇÃO, PREVENÇÃO DE POMBOS",0377.2024.CCD.DL.0006.FESP-UPE,DISPENSA,EMPENHO,2024,18/04/2024,,18/04/2025,,,,"R$ 3.960,00","R$ 3.960,00",ENCERRADO,SERVIÇO,ENCERRADO HÁ 221 DIAS,ENCERRADO,Joás Aquino (CONTRATOS),Roberto Lima (Manut. Predial),- - - - -,14133/21,,,,,,,,ENCERRADO
"W DE AMORIM ROZENDO COMÉRCIO E SERVIÇOS
(LIMPEZA CAIXA D'AGUA)",41.781.662/0001-23,SERVIÇOS DE LIMPEZA E ANALISE BACTERIOLOGICA DAS CX DE AGUA/RESERVATORIO.,0377.2024.CCD.DL.0006.FESP-UPE,DISPENSA,EMPENHO,2024,18/04/2024,,18/04/2025,,,,"R$ 5.398,00","R$ 5.398,00",ENCERRADO,SERVIÇO,ENCERRADO HÁ 221 DIAS,ENCERRADO,Joás Aquino (CONTRATOS),Roberto Lima (Manut. Predial),- - - - -,14133/21,,,,,,,,ENCERRADO
"PHILIPS MEDICAL SYSTEMS LTDA
(HEMODINÂMICA)",58.295.213/0021-11,fornecimento de SISTEMAS DE HEMODINÂMICA,0029.2023.CPL.REIT.PE.0011.FESP-UPE,PREGÃO ELETRÔNICO,14,2025,14/01/2025,,12/08/2025,,,,"R$ 6.340.001,00","R$ 6.340.001,00",ENCERRADO,EQUIPAMENTO,ENCERRADO HÁ 105 DIAS,< 10 DIAS,Maria Soares Albuquerque (PROCAPE),Ivan Silva Oliveira (PROCAPE),Joás Aquino (CONTRATOS),14133/21,,,,,,,,ENCERRADO
SEC NOR DISTRIBUIDORA DE PUBLICACOES LTDA ME,01.592.950/0001-15,"CONTRATAÇÃO DE EMPRESA ESPECIALIZADA PRESTAÇÃO DE SERVIÇOS ADVOCATICIOS DE INFORMAÇÕES FORENSES, RELATIVO AO EXERCÍCIO DE 2025",0042.2020.CCD.DL.0023.FESP-UPE,DISPENSA,11,2020,27/08/2020,,27/08/2025,,,"R$ 442,50","R$ 26.718,51","R$ 23.374,98",ENCERRADO,SERVIÇO,ENCERRADO HÁ 90 DIAS,ENCERRADO,Joás Aquino (CONTRATOS),Sabine Raquel (PROJUR),- - - - -,8666/93,,,,,,,,ENCERRADO
 REDE NACIONAL DE ENSINO E PESQUISA - RNP,03.508.097/0001-36,"Contratação que consistente no provisionamento, configuração, suporte, manutenção e gestão do serviço de colaboração em nuvem, associada aos serviços de colaboração e produtividade de e-mail, ferramenta de videoconferência e pacote de Software de Escritório e Armazenamento, denominado Google Workspace for Education - Edição Plus.",3977.2025.CPL.REIT.DL.0017.FESP-UPE,DISPENSA,11,2025,01/07/2025,,01/07/2028,,,,"R$ 366.015,00","R$ 366.015,00",EM EXECUÇÃO,SERVIÇO,949,,Clara Tobias (DTIC),,Eduardo Periquito (CONTRATOS),14133/21,,,,,,,,LIQUIDADO EM PAGAMENTO ÚNICO
CS BRASIL FROTAS S.A,27.595.780/0001-16,"CONTRATAÇÃO DE PRESTAÇÃO DE SERVIÇOS DE LOCAÇÃO DE VEÍCULOS, CLASSIFICAÇÃO VS-1, VISANDO ATENDER AS NECESSIDADES DA UNIVERSIDADE DE PERNAMBUCO, DE ACORDO COM AS ESPECIFICAÇÕES E DEMAIS DISPOSIÇÕES CONTIDAS NO TERMO DE REFERÊNCIA.",0475.2024.AC-07.PE.0200.SAD,ADESÃO À ATA DE REGISTRO DE PREÇO,04,2025,11/04/2025,,10/10/2027,,,"R$ 17.310,00","R$ 207.720,00","R$ 34.620,00",EM EXECUÇÃO,SERVIÇO,684,,Eduardo Periquito (CONTRATOS),Érica Joéllen (SERVTRANS)),- - - - -,14133/21,Fatura,"R$ 17.310,00",06/11/2025,10/11/2025,10/11/2025,,,
AS SYSTEMS,"87.883.807/0001-06
17.141.331/0001-44","SERVICO DE MANUTENCAO EM EQUIPAMENTO DE SEGURANCA - DO TIPO MANUTENCAO EM EQUIPAMENTO DE SEGURANCA TIPO ANTENA DE SISTEMA ANTI-FURTO, APARELHO ATIVADOR E DESATIVADOR DE ALARME COM REPOSICAO DE PECAS.",3983.2025.CCD UPE.DL.0022.FESP-UPE,DISPENSA,EMPENHO,2025,27/07/2025,,19/09/2027,,,,"R$ 24.499,98","R$ 0,00",EM EXECUÇÃO,SERVIÇO,663,,Cláudia Henriques (NBID),Cláudia Cristina (NBID),Ramon Araújo (CONTRATOS),14133/21,,,,,,,,
"FWD INSTALAÇÕES LTDA

LOTE 1 - ESEF, FENSG, FCM Sede, ICB Sede, FOP Clínicas – Campus Saúde
",21.332.764/0001-54,"Prestação dos serviços de engenharia para implantação do Sistema de Prevenção e Combate a Incêndios (SPCI), Iluminação de emergência, Detecção e Alarme atendendo a Norma Regulamentadora NR 23 – Proteção Contra Incêndios e ao Código de Segurança Contra Incêndio e Pânico (COSCIP), do estado de PERNAMBUCO
LOTE 1 - Unidades: ESEF, FENSG, FCM Sede, ICB Sede, FOP Clínicas – Campus Saúde - Rua Arnóbio Marques, nº310, Bairro Santo Amaro - RECIFE-PE.","3945.2025.CPL UPE
EN.PE.0006.FESP-UPE",PREGAO ELETRONICO,18,2025,10/10/2025,,07/06/2026,,,,"R$ 1.467.840,97","R$ 0,00",EM EXECUÇÃO,SERVIÇO,194,,Ligia Maria Souza Barros de Oliveira (ENGENHARIA),Hely Cabral Pires Filho (ENG - HUOC),Ramon Araújo (CONTRATOS),14133/21,,,,,,,,
"FWD INSTALAÇÕES LTDA

LOTE 2 - Petrolina - Arcoverde - Salgueiro",21.332.764/0001-54,"Prestação dos serviços de engenharia para implantação do Sistema de Prevenção e Combate a Incêndios (SPCI), Iluminação de emergência, Detecção e Alarme atendendo a Norma Regulamentadora NR 23 – Proteção Contra Incêndios e ao Código de Segurança Contra Incêndio e Pânico (COSCIP), do estado de PERNAMBUCO
LOTE 2 - Petrolina (BR 203, Km 2 s/nº- Vila Eduardo-Petrolina-Pernambuco) - Arcoverde (Rua Cicero Monteiro de Melo, s/nº, Bairro São Cristóvão, Arcoverde-Pernambuco) - Salgueiro (Rua Veremungo Soares – Zona Rural – Salgueiro-Pernambuco).","3945.2025.CPL UPE
EN.PE.0006.FESP-UPE",PREGAO ELETRONICO,18,2025,10/10/2025,,07/07/2026,,,,"R$ 1.467.840,97","R$ 0,00",EM EXECUÇÃO,SERVIÇO,224,,Ligia Maria Souza Barros de Oliveira (ENGENHARIA), Franklin Andrade de Aguiar Vasconcelos - ENGENHARIA,Ramon Araújo (CONTRATOS),14133/21,,,,,,,,
"FWD INSTALAÇÕES LTDA

LOTE 4 - Campus Mata Norte da UPE
",21.332.764/0001-54,"Prestação dos serviços de engenharia para implantação do Sistema de Prevenção e Combate a Incêndios (SPCI), Iluminação de emergência, Detecção e Alarme atendendo a Norma Regulamentadora NR 23 – Proteção Contra Incêndios e ao Código de Segurança Contra Incêndio e Pânico (COSCIP), do estado de PERNAMBUCO
LOTE 4 - Campus Mata Norte da UPE - Rua Amaro Maltês de Farias, nº201 - Centro Nazaré da Mata.","3945.2025.CPL UPE
EN.PE.0006.FESP-UPE",PREGAO ELETRONICO,18,2025,10/10/2025,,07/06/2026,,,,"R$ 1.467.840,97","R$ 0,00",EM EXECUÇÃO,SERVIÇO,194,,Ligia Maria Souza Barros de Oliveira (ENGENHARIA),Natália Alexandre de Holanda Cavalcanti (ENG),Ramon Araújo (CONTRATOS),14133/21,,,,,,,,
"FWD INSTALAÇÕES LTDA

LOTE 5 - Campus Garanhuns da UPE
",21.332.764/0001-54,"Prestação dos serviços de engenharia para implantação do Sistema de Prevenção e Combate a Incêndios (SPCI), Iluminação de emergência, Detecção e Alarme atendendo a Norma Regulamentadora NR 23 – Proteção Contra Incêndios e ao Código de Segurança Contra Incêndio e Pânico (COSCIP), do estado de PERNAMBUCO
LOTE 5 - Campus Garanhuns da UPE - Rua Capitão Pedro Rodrigues, Bairro São José, Garanhuns-Pernambuco.","3945.2025.CPL UPE
EN.PE.0006.FESP-UPE",PREGAO ELETRONICO,18,2025,10/10/2025,,07/06/2026,,,,"R$ 1.467.840,97","R$ 0,00",EM EXECUÇÃO,SERVIÇO,194,,Ligia Maria Souza Barros de Oliveira (ENGENHARIA),Elenilton Marques de Araújo (ENGENHARIA),Ramon Araújo (CONTRATOS),14133/21,,,,,,,,
"JME ENGENHARIA LTDA

LOTE 3 - Campus Benfica – POLI E FCAP",24.061.780/0001-48,"Prestação dos serviços de engenharia para implantação do Sistema de Prevenção e Combate a Incêndios (SPCI), Iluminação de emergência, Detecção e Alarme atendendo a Norma Regulamentadora NR 23 – Proteção Contra Incêndios e ao Código de Segurança Contra Incêndio e Pânico (COSCIP), do estado de PERNAMBUCO
LOTE 3 - UPE Campus Benfica – Escola Politécnica de Pernambuco (POLI/UPE) e Faculdade de Ciências da Administração e Direito (FCAP/UPE)",3945.2025.CPL UPE EN.PE.0006.FESP-UPE,PREGAO ELETRONICO,19,2025,10/10/2025,,07/07/2026,,,,"R$ 450.000,00","R$ 0,00",EM EXECUÇÃO,SERVIÇO,224,,Eliane Dourado de Barros Lima (POLI),Fabia Kamilly Gomes de Andrade (ENG - POLI),Ramon Araújo (CONTRATOS),14133/21,,,,,,,,
"INOVACAO TECNOLOGICA DO SERTAO DE ITAPARICA LTDA
CARUARU",42.881.170/0001-72,Fornecimento de 540 garrafões de água mineral para o Campus Caruaru, 3305.2024.CPL.REIT.PE.0064.FESP-UPE,ADESAO A ATA OU CONTRATOS CORPORATIVOS,20,2025,17/10/2025,,17/10/2026,,,,"R$ 6.566,40","R$ 0,00",EM EXECUÇÃO,SERVIÇO,326,,Robson Góes de Carvalho (CARUARU),Daniel Alves de Oliveira Filho (CARUARU),Ramon Araújo (CONTRATOS),14133/21,,,,,,,,
SEC NOR DISTRIBUIDORA DE PUBLICAÇÕES,01.592.950/0001-15,"CONTRATAÇÃO DE EMPRESA ESPECIALIZADA PRESTAÇÃO DE SERVIÇOS ADVOCATICIOS DE INFORMAÇÕES FORENSES, RELATIVO AO EXERCÍCIO DE 2025",4040.2025.CCDPE.DL.0049.FESP-UPE,DISPENSA DE LICITAÇÃO,21,2025,17/10/2025,,17/10/2026,,,"R$ 442,50","R$ 5.310,00","R$ 0,00",EM EXECUÇÃO,SERVIÇO,326,,Ramon Araújo (CONTRATOS)S,Sabine Raquel (PROJUR),Joás Aquino (CONTRATOS),14133/21,,,,,,,,
"FPS PRESTADORA DE SERVIÇOS LTDA
CARUARU",11.022.597/0001-91,"Prestação de serviços de limpeza e conservação predial, com a disponibilização de mão de obra, produtos saneantes domissanitários referente a dois postos para atender as necessidades da do Campus Caruaru",0587.2024.AC-63.PE.0268.SAD-UPE,ADESAO A ATA OU CONTRATOS CORPORATIVOS,22,2025,29/10/2025,,29/10/2026,-,-,"R$ 8.113,01","R$ 97.356,17","R$ 0,00",EM EXECUÇÃO,SERVIÇO COM MÃO DE OBRA,338,,Robson Góes de Carvalho (CARUARU),Daniel Alves de Oliveira Filho (CARUARU),Ramon Araújo (CONTRATOS),14133/21,,,,,,,,
"RA DE OLIVEIRA Q. DA SILVEIRA SERVIÇOS
LIMPEZA DE CAIXA D'ÁGUA - REITORIA",12.900.307/0001-28,"CONTRATAÇÃO DE EMPRESA ESPECIALIZADA EM SERV LIMPEZA E ANÁLISE BACTERIOLÓGICA E FISICO QUIMICA CAIXAS DE ÁGUA DA REITORIA e do INST. CONFUCIO
","4010.2025.CCD UPE.DL.0035.FESPUPE
",DISPENSA,23,2025,05/11/2025,-,05/11/2026,-,-,"2 X 1.300,00
TOTAL 2.600,00","R$ 3.860,00","R$ 0,00",EM EXECUÇÃO,SERVIÇO,345,,Ramon Araújo (CONTRATOS)S,,Ramon Araújo (CONTRATOS),14133/21,,,,,,,,
"RA DE OLIVEIRA Q. DA SILVEIRA SERVIÇOS
LIMPEZA DE CAIXA D'ÁGUA - CONFÚCIO",12.900.307/0001-28,"CONTRATAÇÃO DE EMPRESA ESPECIALIZADA EM SERV LIMPEZA E ANÁLISE BACTERIOLÓGICA E FISICO QUIMICA CAIXAS DE ÁGUA DA REITORIA e do INST. CONFUCIO
","4010.2025.CCD UPE.DL.0035.FESPUPE
",DISPENSA,23,2025,05/11/2025,-,05/11/2026,-,-,"2 X 630,00
TOTAL 1.260,00","R$ 3.860,00","R$ 0,00",EM EXECUÇÃO,SERVIÇO,345,,Ramon Araújo (CONTRATOS)S,,Ramon Araújo (CONTRATOS),14133/21,,,,,,,,
IPCOMM TECNOLOGIA LTDA,03.675.338/0001-31,Aquisição de 05 licenças do software Office 365 A3 visando atender às necessidades do Campus Caruaru/UPE,4034.2025.CCD UPE.DL.0045.FESP-UPE,DISPENSA,EMPENHO,2025,23/09/2025,,23/9/2026,,,,"R$ 1.138,25","R$ 0,00",EM EXECUÇÃO,SERVIÇO,302,,,Robson Carvalho (CARUARU),Ramon Araújo (CONTRATOS),14133/21,,,,,,,,
SAFE SUPORTE A VIDA E COMERCIO INTERNACIONAL LTDA,08.675.394/0001-90,"Fornecimento de Equipamentos Médico Hospitalares através do Convênio Nº 891078/2019 visando atender as necessidades do Hospital Universitário Oswaldo Cruz - HUOC/UPE.  (VENTILADOR PULMONAR, ULTRA-SONOGRAFO)", 2869.2024.CPL.REIT.PE.0040.FESP-UPE,PREGAO ELETRONICO,,2025,,,,,,,"R$ 326.000,00","R$ 326.000,00",EM EXECUÇÃO,EQUIPAMENTO,ENCERRADO HÁ 45986 DIAS,,,,Ramon Araújo (CONTRATOS),14133/21,,,,,,,,LIQUIDADO EM PAGAMENTO ÚNICO
"ENGEMAIA & CIA LTDA
(Poda de Árvores)",00.449.936/0001-02.,Eventual prestação de serviços de podação de árvores com remoção de resíduos para atender aos órgãos participantes indicados no item 2 da ARP. Vigência: 12 meses. ARP No 01/2024.,1582.2024.CPL.REIT. PE.0024.FESP-UPE.,PREGÃO ELETRÔNICO,ARP UPE 01,2024,28/10/2024,,28/10/2025,,,,"R$ 20.250,00",,ENCERRADO,SERVIÇO,ENCERRADO HÁ 28 DIAS,< 10 DIAS,ARP UPE (CPL - COMPRAS),ARP UPE (CPL - COMPRAS),Ramon Araújo (CONTRATOS),14133/21,,,,,,,,
"COMPESA - COMPANHIA PERNAMBUCANA DE SANEAMENTO
(REITORIA)",09.769.035/0001-64,"Constui o objeto do presente instrumento, a prestação e a ulização dos serviços públicos de abastecimento de água e esgotamento sanitário, de acordo com as condições gerais estabelecidas no Regulamento Geral do Fornecimento de Água e da Coleta de Esgotos, aprovado pelo Decreto Estadual nº. 18.251/94, observada a legislação aplicável.",3968.2025.CPL.REIT.IN.0002.FESP-UPE,INEXIGIBILIDADE,,,,,,,,,"R$ 144.000,00",,,SERVIÇO,,,Joás Aquino (CONTRATOS),Roberto Lima (Manut. Predial),- - - - -,14133/21,,,,,,,,
"COMPESA - COMPANHIA PERNAMBUCANA DE SANEAMENTO
(INSTITUTO CONFÚCIO)",09.769.035/0001-64,"Constui o objeto do presente instrumento, a prestação e a ulização dos serviços públicos de abastecimento de água e esgotamento sanitário, de acordo com as condições gerais estabelecidas no Regulamento Geral do Fornecimento de Água e da Coleta de Esgotos, aprovado pelo Decreto Estadual nº. 18.251/94, observada a legislação aplicável.",3968.2025.CPL.REIT.IN.0002.FESP-UPE,INEXIGIBILIDADE,,,,,,,,,"R$ 8.400,00",,,SERVIÇO,,,Joás Aquino (CONTRATOS),,- - - - -,14133/21,,,,,,,,
"COMPESA - COMPANHIA PERNAMBUCANA DE SANEAMENTO
(INSTITUTO DE INOVAÇÃO TECNOLÓGICA)",09.769.035/0001-64,"Constui o objeto do presente instrumento, a prestação e a ulização dos serviços públicos de abastecimento de água e esgotamento sanitário, de acordo com as condições gerais estabelecidas no Regulamento Geral do Fornecimento de Água e da Coleta de Esgotos, aprovado pelo Decreto Estadual nº. 18.251/94, observada a legislação aplicável.",3968.2025.CPL.REIT.IN.0002.FESP-UPE,INEXIGIBILIDADE,,,,,,,,,"R$ 6.000,00",,,SERVIÇO,,,Joás Aquino (CONTRATOS),,- - - - -,14133/21,,,,,,,,
"COMPESA - COMPANHIA PERNAMBUCANA DE SANEAMENTO
(FOP/UPE - Av. Norte)",09.769.035/0001-64,"Constui o objeto do presente instrumento, a prestação e a ulização dos serviços públicos de abastecimento de água e esgotamento sanitário, de acordo com as condições gerais estabelecidas no Regulamento Geral do Fornecimento de Água e da Coleta de Esgotos, aprovado pelo Decreto Estadual nº. 18.251/94, observada a legislação aplicável.",3968.2025.CPL.REIT.IN.0002.FESP-UPE,INEXIGIBILIDADE,,,,,,,,,"R$ 144.000,00",,,SERVIÇO,,,Joás Aquino (CONTRATOS),,- - - - -,14133/21,,,,,,,,
"NEOENERGIA
REITORIA",10.835.932/0001-08,"FORNECEIMENTO DE ENERGIA ELÉTRICA - CÓDIGO DO CLIENTE
7006906448",,,,2025,,,,,,,,,,SERVIÇO,ENCERRADO HÁ 45986 DIAS,,Patrícia Lopes (PROADMI),Roberto Lima (Manut. Predial),Ramon Araújo (CONTRATOS),14133/21,,,,,,,,
"NEOENERGIA
FOP CAMARAGIBE",10.835.932/0001-08,"FORNECEIMENTO DE ENERGIA ELÉTRICA - CÓDIGO DO CLIENTE
7046810109",,,,,,,,,,,,,,SERVIÇO,ENCERRADO HÁ 45986 DIAS,,Patrícia Lopes (PROADMI),Roberto Lima (Manut. Predial),Ramon Araújo (CONTRATOS),14133/21,,,,,,,,
LUCIANO BEZERRA DA SILVA - ME,01.098.180/0001-59,prestação de serviços de confecção de serviços gráficos e reprográfico para atender as necessidades da Unidades da UPE,1732.2024.CPL.REIT.PE.0036.FESP-UPE,PREGÃO ELETRÔNICO,ARP UPE 10,2024,27/11/2024,,27/11/2025,,,,"R$ 27.536,00","R$ 15.612,00",EM EXECUÇÃO,SERVIÇO,2,,ARP UPE (CPL - COMPRAS),ARP UPE (CPL - COMPRAS),Ramon Araújo (CONTRATOS),14133/21,,,,,,,,
"SECO AMBIENTAL, SERVIÇOS, PESQUISAS E CONSTRUTORA LTDA
(Dedetização - Confúcio)",33.614.013/0001-00,"SERVICO DE CONTROLE DE ANIMAIS E PRAGAS - Do tipo desinfestação de insetos rasteiros, Baratas, Escorpiões, Ratos e Cupins, com técnicas diversas, em áreas internas e externas.",3971.2025.CCD UPE.DL.0013.FESPUPE,DISPENSA,,2025,,-,,-,-,"R$ 165,00","R$ 1.980,00","R$ 0,00",,SERVIÇO,ENCERRADO HÁ 45986 DIAS,,Joás Aquino (CONTRATOS),Igor (CONFÚCIO),- - - - -,14133/21,,,,,,,,
LEXON SERVICOS & CONSTRUTORA EMPREENDIMENTOS,07.191.777/0001-20,"Contratação de empresa de engenharia para execução da Construção de muro, alambrado, guarita, abrigo de lixo e urbanização do Polo da UPE em Tabira.", 3957.2025.CPL UPE EN.CE.0004.FESP-UPE,PREGÃO ELETRÔNICO,24,2025,07/11/2025,,02/11/2026,,,,"R$ 430.904,88",,EM EXECUÇÃO,SERVIÇO,342,,Ligia Maria Souza Barros de Oliveira (ENGENHARIA), Franklin Andrade de Aguiar Vasconcelos - ENGENHARIA,Eduardo Periquito (CONTRATOS),14133/21,,,,,,,,
LIDER NOTEBOOKS COMERCIO E SERVICOS LTDA,"0040610064.000039/2023-13
",MICROCOMPUTADOR - DO TIPO DESKTOP,,ADESÃO À ATA OU CONTRATOS CORPORATIVOS,,2025,,,,,,,"R$ 291.951,15",,,EQUIPAMENTO,ENCERRADO HÁ 45986 DIAS,,,,Ramon Araújo (CONTRATOS),14133/21,,,,,,,,
NEWMED LTDA ,11.022.597/0001-91,ELETROCARDIOGRAFO - PORTATIL,0266.2024.CPL.REIT.PE.0003.FESP-UPE,PREGAO ELETRONICO,26,2025,12/11/2025,,12/11/2026,,,,"R$ 52.600,00",,EM EXECUÇÃO,EQUIPAMENTO,352,,Maria Soares Albuquerque (PROCAPE),Ivan Silva Oliveira (PROCAPE),Ramon Araújo (CONTRATOS),14133/21,,,,,,,,
GETINGE DO BRASIL LTDA.,06.028.137/0002-11,BALAO INTRA-AORTICO,0266.2024.CPL.REIT.PE.0003.FESP-UPE,PREGAO ELETRONICO,25,2025,12/11/2025,,12/11/2026,,,,"R$ 540.000,00",,EM EXECUÇÃO,EQUIPAMENTO,352,,Maria Soares Albuquerque (PROCAPE),Ivan Silva Oliveira (PROCAPE),Ramon Araújo (CONTRATOS),14133/21,,,,,,,,
"RM TERCEIRIZACAO E GESTAO DE RECURSOS HUMANOS LTDA
(Recepcionista Caruaru)",11.022.597/0001-91,"SERVICO DE PRESTACAO DE MAO DE OBRA - DO TIPO RECEPCIONISTA,NIVEL MEDIO COM CONHECIMENTO BASICO EM INFORMATICA, POSTO DE 44 HORAS SEMANAIS,TURNO DIURNO,SEGUNDA A SEXTA",0609.2024.AC-78.PE.0278.SAD,ADESAO A ATA OU CONTRATOS CORPORATIVO,27,2025,13/11/2025,,13/11/2026,,,,"R$ 41.194,32",,EM EXECUÇÃO,SERVIÇO,353,,Robson Góes de Carvalho (CARUARU),Daniel Alves de Oliveira Filho (CARUARU),Ramon Araújo (CONTRATOS),14133/21,,,,,,,,
FORALL ASSINATURAS E LIVROS LTDA - WebDewey,87.140.307/0001-76,"Contratação da assinatura da base de dados WebDewey, da Online Computer Library Center (OCLC) por meio de Inexigibilidade de licitação com fundamento no art. 74, inc. I da Lei nº 14.133/21, visando atender as necessidades do Núcleo de Gestão de Bibliotecas da UPE",3993.2025.CCD UPE.DL.0004.FESP-UPE,INEXIGIBILIDADE,,2025,,,,,,,"R$ 18.710,00",,,SERVIÇO,ENCERRADO HÁ 45986 DIAS,,,,Ramon Araújo (CONTRATOS),14133/21,,,,,,,,
VITOR E BUONO LTDA,43.223.890/00001-03,Fornecimento de torno mecânico paralelo universal para Escola Politécnica de Pernambuco – POLI/UPE,0366.2024.CPL.REIT.PE.0014.FESP-UPE,PREGAO ELETRONICO,,2025,,,,,,,"R$ 89.500,00",,,EQUIPAMENTO,ENCERRADO HÁ 45986 DIAS,,,PATRIMÔNIO POLI,Eduardo Periquito (CONTRATOS),14133/21,,,,,,,,
SRD - TECNOLOGIA E INFORMACAO CIENTIFICA LTDA,18.042.370/0001-57,LICENCA DE USO DE SOFTWARE - DE DADOS E INDICADORES PARA AVALIACAO DE RESULTADOS DOS PROGRAMAS DE FOMENTO A PESQUISA E A INOVACAO,4062.2025.CCDUPE.IN.0017.FESP-UPE,INEXIGIBILIDADE,29,2025,17/11/2025,,17/11/2026,,,,"R$ 45.873,21",,,SERVIÇO,357,,, Betty Rose de Araújo Luz,Ramon Araújo (CONTRATOS),14133/21,,,,,,,,
"ALFORGE SEGURANCA PATRIMONIAL LTDA
CARUARU",13.343.833/0001-05,"Prestação de serviços de Vigilância Armada, a serem
executados com regime de dedicação exclusiva de mão de obra na UPE Campus Caruaru",1426.2024.AC-36PE.352.SAD,PREGÃO ELETRÔNICO,,2025,,,,,,"R$ 5.926,21","R$ 71.114,52",,,SERVIÇO COM MÃO DE OBRA,ENCERRADO HÁ 45986 DIAS,,,Daniel Alves de Oliveira Filho (CARUARU),Joás Aquino (CONTRATOS),14133/21,,,,,,,,
GE HEALTHCARE DO BRASIL COMERCIO E SERVICOS PARA EQUIPAMENTOS MEDICO,00.029.372/0002-21,"ECOCARDIOGRAFO - EQUIPAMENTO DIGITAL, IMAGEM DE ALTA DEFINICAO,OPCOES DE CRIACOES DE PROTOCOLOS,DEMAIS INFORMACOES EM EDITAL,ASSISTENCIA TECNICA EM PERNAMBUCO, GARANTIA MINIMA DE 1 ANO, REGISTRO NA ANVISAMarca:NENHUMA MARCA REGISTRADA",0243.2024.CPL.REIT.PE.0001.FESP-UPE,PREGÃO ELETRÔNICO,,2025,,,,,,,"R$ 123.900,00",,,EQUIPAMENTO,ENCERRADO HÁ 45986 DIAS,,,Ivan Silva Oliveira (PROCAPE),Ramon Araújo (CONTRATOS),14133/21,,,,,,,,
"SIG SOFTWARE & CONSULTORIA EM TECNOLOGIA DA INFORMACAO
LTDA",13.406.686/0001-67,"Prestação de serviços continuados em Tecnologia da Informação, para customização, sustentação e suporte técnico dos Sistemas SIG-UFRN (SIGAA e ORBITAIS), por meio de Inexigibilidade de Licitação. com fundamento no art. 74, inc. I da Lei nº 14.133/21, a fim de atender às necessidades da Universidade de Pernambuco",4057.2025.CPL.REIT.IN.0016.FESP-UPE,INEXIGIBILIDADE,,2025,,,,,,,"R$ 1.520.000,00",,,SERVIÇO,ENCERRADO HÁ 45986 DIAS,,,,,14133/21,,,,,,,,
PEARSON EDUCATION DO BRASIL LTDA,01.404.158/0018-38,"Contratação de serviço de assinatura da base de dados de livros eletrônicos BIBLIOTECA VIRTUAL da PEARSON EDUCATION DO BRASIL LTDA, por meio de Inexigibilidade de licitação com fundamento no art. 74, inc. I da Lei nº 14.133/21, visando atender as necessidades do Núcleo de Gestão de Bibliotecas da UPE, conforme as condições, especificações, quantidades e exigências contidas neste Termo de Referência.",4092.2025.CPL.REIT.IN.0022.FESP-UPE,INEXIGIBILIDADE,,2025,,,,,,,"R$ 453.222,53",,,SERVIÇO,ENCERRADO HÁ 45986 DIAS,,Cláudia Henriques (NBID),,Joás Aquino (CONTRATOS),14133/21,,,,,,,,
Rede Nacional de Ensino e Pesquisa - RNP - prestação de serviço de SOC (Security Operations Center) RNP - Intermediário	,,,,,,,,,,,,,,,,SERVIÇO,ENCERRADO HÁ 45986 DIAS,,,,Joás Aquino (CONTRATOS),14133/21,,,,,,,,
GETINGE DO BRASIL EQUIPAMENTOS MEDICOS LTDA,06.028.137/0002-11," AQUISIÇÃO DE BALÃOINTRA-AÓRTICO, BATERIA, MALETA, CILINDRO, KIT.SIMULADOR P/
ATENDER O PROCAPE/UPE, COM RECURSOS DO CONVÊNIO 943902/2023 ",0269.2024.CPL.REIT.PE.0006.FESP-UPE,PREGÃO ELETRONICO,,2025,,,,,,,"R$ 540.000,00",,,EQUIPAMENTO,ENCERRADO HÁ 45986 DIAS,,,,Ramon Araújo (CONTRATOS),14133/21,,,,,,,,
,,,,,,,,,,,,,,,,,,,,,,,,,,,,,,
,,,,,,,,,,,,,,,,,,,,,,,,,,,,,,
,,,,,,,,,,,,,,,,,,,,,,,,,,,,,,
,,,,,,,,,,,,,,,,,,,,,,,,,,,,,,
,,,,,,,,,,,,,,,,,,,,,,,,,,,,,,
,,,,,,,,,,,,,,,,,,,,,,,,,,,,,,
,,,,,,,,,,,,,,,,,,,,,,,,,,,,,,
,,,,,,,,,,,,,,,,,,,,,,,,,,,,,,
,,,,,,,,,,,,,,,,,,,,,,,,,,,,,,
,,,,,,,,,,,,,,,,,,,,,,,,,,,,,,
,,,,,,,,,,,,,,,,,,,,,,,,,,,,,,
,,,,,,,,,,,,,,,,,,,,,,,,,,,,,,
,,,,,,,,,,,,,,,,,,,,,,,,,,,,,,
,,,,,,,,,,,,,,,,,,,,,,,,,,,,,,
,,,,,,,,,,,,,,,,,,,,,,,,,,,,,,
,,,,,,,,,,,,,,,,,,,,,,,,,,,,,,
,,,,,,,,,,,,,,,,,,,,,,,,,,,,,,
,,,,,,,,,,,,,,,,,,,,,,,,,,,,,,
,,,,,,,,,,,,,,,,,,,,,,,,,,,,,,
,,,,,,,,,,,,,,,,,,,,,,,,,,,,,,
,,,,,,,,,,,,,,,,,,,,,,,,,,,,,,
,,,,,,,,,,,,,,,,,,,,,,,,,,,,,,
,,,,,,,,,,,,,,,,,,,,,,,,,,,,,,
,,,,,,,,,,,,,,,,,,,,,,,,,,,,,,
,,,,,,,,,,,,,,,,,,,,,,,,,,,,,,
,,,,,,,,,,,,,,,,,,,,,,,,,,,,,,
,,,,,,,,,,,,,,,,,,,,,,,,,,,,,,
,,,,,,,,,,,,,,,,,,,,,,,,,,,,,,
,,,,,,,,,,,,,,,,,,,,,,,,,,,,,,
,,,,,,,,,,,,,,,,,,,,,,,,,,,,,,
,,,,,,,,,,,,,,,,,,,,,,,,,,,,,,
,,,,,,,,,,,,,,,,,,,,,,,,,,,,,,
,,,,,,,,,,,,,,,,,,,,,,,,,,,,,,
,,,,,,,,,,,,,,,,,,,,,,,,,,,,,,
,,,,,,,,,,,,,,,,,,,,,,,,,,,,,,
,,,,,,,,,,,,,,,,,,,,,,,,,,,,,,
,,,,,,,,,,,,,,,,,,,,,,,,,,,,,,
,,,,,,,,,,,,,,,,,,,,,,,,,,,,,,
,,,,,,,,,,,,,,,,,,,,,,,,,,,,,,
,,,,,,,,,,,,,,,,,,,,,,,,,,,,,,
,,,,,,,,,,,,,,,,,,,,,,,,,,,,,,
,,,,,,,,,,,,,,,,,,,,,,, ,,,,,,,