ID,ID LATTES,ORIENTAÇÕES CONC. TCC,ORIENTACOES CONC. ESPECIALIZACAO,O.P MESTRADO CONC.,O.P MESTRADO AND.,O.P DOUTORADO CONC.,O.P DOUTORADO AND.,C.O MESTRADO CONC.,C.O MESTRADO AND.,C.O DOUTORADO CONC.,C.O DOUTORADO AND.,BOLSA PRODUTIVIDADE,PUB. TEC. E ART.,LIVROS ISBN,CAPÍTULOS ISBN,PUB. TRAB. EVENTOS,PATENTES,REGISTROS DE SW,ORIENTAÇÕES I.C,EVENTOS ORGANIZADOS,PUBLICAÇÕES CIENTÍFICAS,PI,Obs,Grande Área,Titulação,Unidade
1,15352555852293,0,0,0,0,0,0,0,0,0,0,,0,2,6,3,0,0,4,4,10,"102,98",,Ciências Humanas,Campus Petrolina,Campus Petrolina
2,303674862794540,2,13,8,2,0,0,1,0,0,0,,6,1,0,9,0,0,3,8,23,"225,56",,Ciências Sociais Aplicadas,Faculdade de Ciências da Administração de Pernambuco,Faculdade de Ciências da Administração de Pernambuco
3,93014121449327,20,0,10,6,0,3,1,0,0,0,,0,8,12,4,0,0,14,17,6,"286,39",,Ciências Humanas,Campus Mata Norte,Campus Mata Norte
4,4078587421353063,27,0,0,0,0,0,0,0,0,0,,0,0,0,9,0,0,0,1,2,"112,79",,Engenharias,Escola Politécnica de Pernambuco,Escola Politécnica de Pernambuco
5,4437285515355236,25,0,0,0,0,0,0,1,0,2,,0,0,2,0,0,0,1,0,18,"195,35",,Ciências da Saúde,Faculdade de Odontologia de Pernambuco,Faculdade de Odontologia de Pernambuco
6,"9,46754306027828E+015",0,7,0,0,0,0,0,0,0,0,,0,0,2,0,0,0,5,3,7,"82,19",,Ciências da Saúde,Instituto de Ciências Biológicas,Instituto de Ciências Biológicas
7,818921260748338,26,0,0,2,0,0,0,0,0,0,,0,0,2,8,0,0,3,3,5,"140,91",,Ciências Sociais Aplicadas,Campus Caruaru,Campus Caruaru
8,7452475452740237,0,0,0,0,0,0,0,0,1,0,,0,1,6,0,0,0,8,0,3,"61,38",,Ciências da Saúde,Faculdade de Ciências Médicas de Pernambuco,Faculdade de Ciências Médicas de Pernambuco
9,2776288240769301,3,0,0,0,0,0,0,0,0,0,,0,0,0,0,0,0,0,3,0,"9,12",,Ciências Sociais Aplicadas,Campus Arcoverde,Campus Arcoverde
10,309510016707230,17,0,3,3,0,0,1,0,0,0,,0,0,3,1,0,0,1,13,13,"161,38",,Ciências da Saúde,Escola Superior de Educação Física,Escola Superior de Educação Física
11,5640748214583434,6,0,0,0,0,0,0,0,0,0,,0,0,7,1,0,0,5,3,6,"83,21",,Ciências Exatas e da Terra,Campus Garanhuns,Campus Garanhuns
12,6475270087328331,0,12,0,0,0,0,1,0,0,0,,0,1,2,2,0,0,3,1,13,"136,5",,Ciências da Saúde,Campus Arcoverde,Campus Arcoverde
13,6152592335669549,17,4,9,5,2,6,0,0,0,0,1,0,3,1,23,5,2,0,5,28,"439,11",,Ciências Exatas e da Terra,Escola Politécnica de Pernambuco,Escola Politécnica de Pernambuco
14,5482409611323174,2,0,7,4,0,0,0,0,0,0,,0,2,1,8,0,0,8,1,4,"115,47",,Ciências Humanas,Escola Superior de Educação Física,Escola Superior de Educação Física
15,"9,11521085745195E+015",0,0,0,0,0,0,0,0,0,0,,0,0,0,0,0,0,0,0,0,0,,Ciências da Saúde,Faculdade de Enfermagem Nossa Senhora das Graças,Faculdade de Enfermagem Nossa Senhora das Graças
16,2764947055048487,0,0,0,0,0,0,0,1,0,0,,0,0,0,0,0,0,6,2,4,"41,08",,Ciências Biológicas,Instituto de Ciências Biológicas,Instituto de Ciências Biológicas
17,5110707042705139,12,2,2,1,1,5,2,0,0,0,,0,1,6,0,0,0,14,3,11,"212,75",,Ciências da Saúde,Escola Superior de Educação Física,Escola Superior de Educação Física
18,"9,48191571914685E+015",18,1,1,2,0,0,1,0,0,0,,0,1,3,2,0,0,8,11,16,"212,35",,Ciências Biológicas,Campus Garanhuns,Campus Garanhuns
19,8923600075222352,0,1,0,0,0,0,0,0,0,0,1,3,0,2,0,0,0,6,3,25,"187,85",,Ciências da Saúde,Campus Arcoverde,Campus Arcoverde
20,6656023775079472,16,0,2,1,1,3,1,0,2,0,,7,1,7,0,0,0,9,15,26,"266,85",,Ciências da Saúde,Campus Petrolina,Campus Petrolina
21,4089661844410131,16,0,5,1,0,0,1,0,0,0,,0,1,5,0,0,0,1,4,11,"170,28",,"Linguística, Letras e Artes",Campus Mata Norte,Campus Mata Norte
22,2605835094279826,16,1,0,0,0,0,0,1,0,0,,4,6,7,3,0,7,8,12,27,"271,56",,Ciências da Saúde,Campus Petrolina,Campus Petrolina
23,934946620890424,0,0,3,2,0,0,4,2,0,0,,3,0,2,0,2,0,9,0,11,"139,1",,Ciências Biológicas,Campus Garanhuns,Campus Garanhuns
24,5325514481399023,15,0,6,2,5,3,0,0,0,0,1,0,0,0,0,0,0,3,3,15,"228,2",,Ciências da Saúde,Campus Petrolina,Campus Petrolina
25,8655880498138115,3,8,6,6,8,4,0,0,1,0,,5,0,2,0,0,0,18,0,22,"309,93",,Ciências da Saúde,Instituto de Ciências Biológicas,Instituto de Ciências Biológicas
26,8044960068577565,5,1,0,0,0,0,0,0,0,0,,0,0,3,0,0,0,8,1,0,"42,02",,Ciências Humanas,Campus Petrolina,Campus Petrolina
27,"9,13812174638394E+015",1,0,0,0,0,0,0,0,0,0,,0,0,0,0,0,0,0,0,7,"52,92",,Ciências da Saúde,Instituto de Ciências Biológicas,Instituto de Ciências Biológicas
28,"9,9627147997125E+015",27,0,0,0,0,0,0,0,0,0,,0,1,3,12,0,0,12,7,0,"139,37",,Ciências Humanas,Campus Mata Norte,Campus Mata Norte
29,2699892747432600,8,0,0,0,0,0,0,0,0,0,,0,0,4,4,0,0,0,1,14,"130,73",,Ciências da Saúde,Campus Ouricuri,Campus Ouricuri
30,7338874761603515,3,0,5,1,2,3,3,0,0,0,,9,1,3,0,0,0,8,0,37,"300,27",,Ciências da Saúde,Faculdade de Odontologia de Pernambuco,Faculdade de Odontologia de Pernambuco
31,8811081041067973,5,1,2,1,2,3,0,0,0,2,,0,0,6,0,0,0,7,2,4,"113,17",,Ciências da Saúde,Escola Superior de Educação Física,Escola Superior de Educação Física
32,591117147768438,3,0,0,0,0,0,0,0,0,0,,0,0,0,0,0,0,0,0,0,"9,12",,Engenharias,Escola Politécnica de Pernambuco,Escola Politécnica de Pernambuco
33,6583129971560365,14,0,0,0,0,0,0,0,0,0,,0,4,10,4,0,0,4,6,9,"161,32",,Ciências Humanas,Campus Mata Norte,Campus Mata Norte
34,5838836387486591,13,2,0,1,0,0,1,0,0,0,,2,0,3,0,0,0,13,4,14,"161,5",licença maternidade,Ciências da Saúde,Faculdade de Enfermagem Nossa Senhora das Graças,Faculdade de Enfermagem Nossa Senhora das Graças
35,5995038053040777,2,0,0,0,0,0,1,1,0,0,,0,0,0,0,0,0,3,1,13,"93,42",,Ciências Biológicas,Campus Petrolina,Campus Petrolina
36,1544049611871827,0,0,3,0,0,0,0,0,0,0,,0,0,0,0,0,0,12,1,14,"148,39",,Ciências Exatas e da Terra,Escola Politécnica de Pernambuco,Escola Politécnica de Pernambuco
37,1375568180577579,0,0,7,2,0,0,0,0,0,0,,2,0,1,1,0,0,0,6,6,"67,68",,Multidisciplinar,Faculdade de Ciências da Administração de Pernambuco,Faculdade de Ciências da Administração de Pernambuco
38,6373207277345178,20,4,0,0,0,0,1,0,0,0,,0,2,10,0,0,0,5,9,12,"191,33",,Ciências da Saúde,Campus Petrolina,Campus Petrolina
39,692786200822196,48,0,0,0,0,0,0,0,0,0,,0,0,2,3,0,0,4,0,7,"213,18",,Ciências Agrárias,Campus Petrolina,Campus Petrolina
40,8889354638711094,0,0,0,0,0,0,0,1,0,0,,0,0,0,0,0,0,0,0,5,"37,1",,Ciências da Saúde,Faculdade de Enfermagem Nossa Senhora das Graças,Faculdade de Enfermagem Nossa Senhora das Graças
41,7030299856924077,0,0,0,0,0,0,1,0,0,0,,0,0,3,0,0,0,12,0,5,"65,12",,Ciências da Saúde,Faculdade de Ciências Médicas de Pernambuco,Faculdade de Ciências Médicas de Pernambuco
42,5932098810835313,1,4,0,0,0,0,1,1,0,0,,2,10,2,1,0,22,1,1,10,"138,37",,Ciências Sociais Aplicadas,Campus Mata Sul,Campus Mata Sul
43,705004830529708,3,0,0,0,0,0,0,0,0,0,,2,1,2,7,0,0,0,0,8,"76,65",,Engenharias,Escola Politécnica de Pernambuco,Escola Politécnica de Pernambuco
44,4026900571632456,2,0,0,0,0,0,0,0,0,0,,0,0,1,0,0,0,0,2,1,"16,15",,Ciências Humanas,Campus Garanhuns,Campus Garanhuns
45,8662083874017701,24,1,0,0,0,0,1,0,0,0,,0,0,0,0,0,0,2,11,4,"114,54",,Ciências da Saúde,Escola Superior de Educação Física,Escola Superior de Educação Física
46,3367635004197819,25,10,4,4,0,0,4,4,0,0,,11,0,0,0,0,0,8,1,29,"292,56",,Ciências da Saúde,Faculdade de Odontologia de Pernambuco,Faculdade de Odontologia de Pernambuco
47,1082536271592926,7,0,0,3,0,0,2,0,0,0,,0,0,7,0,0,0,6,5,4,"95,48",,Ciências da Saúde,Campus Garanhuns,Campus Garanhuns
48,8844555807382139,10,0,10,6,0,2,0,0,1,0,,0,0,5,16,0,0,13,8,13,"263,32",,Ciências Humanas,Campus Petrolina,Campus Petrolina
49,1032143706575048,6,0,0,0,0,0,0,0,0,0,,0,0,0,0,0,0,1,0,3,"41,53",,Ciências da Saúde,Campus Serra Talhada,Campus Serra Talhada
50,4626058435026904,7,0,4,2,6,2,1,0,0,0,1,0,0,0,0,0,0,2,1,13,"188,68",,Ciências da Saúde,Faculdade de Odontologia de Pernambuco,Faculdade de Odontologia de Pernambuco
51,"9,85911763008006E+015",0,0,0,1,0,0,0,0,0,0,,2,0,3,0,0,0,0,0,29,"195,34",,Ciências da Saúde,Pronto Socorro Cardiológico de Pernambuco,Pronto Socorro Cardiológico de Pernambuco
52,1002769763521928,10,1,0,0,0,0,0,1,0,0,,8,0,0,0,0,0,5,4,13,"86,44",,Ciências da Saúde,Campus Petrolina,Campus Petrolina
53,245597908831634,13,2,0,0,0,0,0,1,0,0,,8,3,27,0,0,0,4,2,24,"255,17",,Ciências da Saúde,Campus Arcoverde,Campus Arcoverde
54,"9,99780400508198E+015",1,2,3,1,3,2,1,1,1,0,1,2,0,0,0,0,0,1,0,74,"559,95",,Ciências da Saúde,Faculdade de Odontologia de Pernambuco,Faculdade de Odontologia de Pernambuco
55,7286734462024652,12,0,8,2,5,12,0,0,1,0,,0,4,11,0,0,0,14,1,16,"351,96",,"Linguística, Letras e Artes",Campus Mata Norte,Campus Mata Norte
56,"9,85785056861819E+015",4,0,6,2,1,5,0,0,0,0,,0,3,3,1,0,0,15,5,27,"307,24",,Ciências da Saúde,Faculdade de Enfermagem Nossa Senhora das Graças,Faculdade de Enfermagem Nossa Senhora das Graças
57,"9,07389609125083E+015",2,0,0,0,0,0,0,0,0,0,,0,0,5,0,0,0,15,13,3,"71,5",,Ciências Exatas e da Terra,Instituto de Ciências Biológicas,Instituto de Ciências Biológicas
58,6293444890871058,0,0,4,0,5,3,0,0,2,0,1,0,0,0,0,0,0,5,1,7,"130,63",,Ciências da Saúde,Instituto de Ciências Biológicas,Instituto de Ciências Biológicas
59,6001672724993794,18,0,0,5,0,2,0,1,1,0,,0,0,2,2,0,0,0,3,6,"136,63",,Ciências Humanas,Faculdade de Ciências da Administração de Pernambuco,Faculdade de Ciências da Administração de Pernambuco
60,189842585985244,0,0,0,0,0,0,0,0,0,0,,0,0,0,0,0,0,0,0,4,"30,44",,Ciências da Saúde,Faculdade de Odontologia de Pernambuco,Faculdade de Odontologia de Pernambuco
61,4942609302112746,15,2,8,2,5,8,2,0,1,1,1,2,0,1,38,1,14,6,2,27,"446,18",,Ciências Exatas e da Terra,Escola Politécnica de Pernambuco,Escola Politécnica de Pernambuco
62,5100736789823526,3,0,1,1,1,3,0,0,2,1,,0,0,1,0,0,0,3,2,13,"157,31",,Ciências Biológicas,Campus Mata Norte,Campus Mata Norte
63,7463703912356626,6,0,0,0,0,0,0,0,0,0,,0,0,2,0,0,0,0,26,0,"23,16",,Ciências Sociais Aplicadas,Faculdade de Ciências da Administração de Pernambuco,Faculdade de Ciências da Administração de Pernambuco
64,4930064350445706,13,0,0,4,0,0,0,0,0,0,,0,0,2,4,0,0,4,9,12,"155,82",,Ciências da Saúde,Escola Superior de Educação Física,Escola Superior de Educação Física
65,8334912045931709,0,0,0,0,0,0,0,0,0,0,,0,0,0,3,0,0,0,0,2,"18,64",,Ciências Sociais Aplicadas,Campus Salgueiro,Campus Salgueiro
66,8241347498919461,3,0,0,0,0,0,0,0,0,0,,0,1,2,1,0,0,3,2,6,"70,74",,Ciências Humanas,Campus Petrolina,Campus Petrolina
67,5169338533705053,3,0,0,0,0,0,0,0,0,0,,0,1,2,1,0,0,0,2,2,"36,2",,Ciências Humanas,Campus Mata Norte,Campus Mata Norte
68,4120835876129002,2,7,0,0,0,0,0,0,0,0,,1,1,2,1,0,0,0,2,2,"46,93",,Ciências Humanas,Campus Petrolina,Campus Petrolina
69,696336067992691,6,0,0,0,0,0,0,0,0,0,,0,0,3,1,0,0,0,2,2,"41,13",,Ciências Humanas,Campus Petrolina,Campus Petrolina
70,8832917280090140,14,0,0,0,0,0,0,0,0,0,,2,0,1,0,0,0,0,3,10,"93,8",,Ciências da Saúde,Faculdade de Enfermagem Nossa Senhora das Graças,Faculdade de Enfermagem Nossa Senhora das Graças
71,2202813637204730,8,13,0,0,0,0,0,0,0,0,,1,0,15,3,0,0,0,3,13,"190,98",,Ciências Humanas,Campus Petrolina,Campus Petrolina
72,7326008990043247,23,0,10,5,0,5,0,0,0,0,1,0,18,20,7,0,0,14,12,20,"488,19",,Ciências Humanas,Campus Mata Norte,Campus Mata Norte
73,4260058179425238,34,0,2,2,0,3,2,0,0,0,,0,1,1,0,0,0,9,3,22,"290,43",,Ciências da Saúde,Escola Superior de Educação Física,Escola Superior de Educação Física
74,4382449163495398,3,0,0,2,0,0,2,0,0,1,,8,0,0,0,0,0,1,1,21,"123,28",,Ciências da Saúde,Faculdade de Odontologia de Pernambuco,Faculdade de Odontologia de Pernambuco
75,2320828405348764,0,0,0,0,0,0,0,0,0,0,,0,1,0,0,0,0,0,0,2,"20,49",,Ciências da Saúde,Centro Universitário Integrado de Saúde Amaury de Medeiros,Centro Universitário Integrado de Saúde Amaury de Medeiros
76,3726843963782567,0,1,2,1,1,2,0,0,0,0,,0,0,2,0,0,1,7,2,10,"115,05",,Ciências da Saúde,Faculdade de Ciências Médicas de Pernambuco,Faculdade de Ciências Médicas de Pernambuco
77,8587751088772760,2,0,2,2,0,3,3,0,0,0,,4,0,1,0,0,0,7,0,17,"153,2",,Ciências da Saúde,Faculdade de Odontologia de Pernambuco,Faculdade de Odontologia de Pernambuco
78,5592615099514539,5,1,0,0,0,0,0,0,0,0,,3,0,1,0,0,0,1,7,13,"90,07",,Ciências da Saúde,Faculdade de Enfermagem Nossa Senhora das Graças,Faculdade de Enfermagem Nossa Senhora das Graças
79,118362487473134,1,0,0,0,0,0,0,0,0,1,,3,0,4,0,0,0,18,10,19,157,,Ciências da Saúde,Campus Serra Talhada,Campus Serra Talhada
80,8229593768514685,0,5,0,0,0,0,0,0,0,0,,0,1,0,0,0,0,0,0,3,"38,07",,Ciências da Saúde,Instituto de Ciências Biológicas,Instituto de Ciências Biológicas
81,187449048159444,13,0,0,0,0,0,0,0,0,0,,0,0,0,0,1,0,1,9,6,"95,66",,Ciências da Saúde,Campus Petrolina,Campus Petrolina
82,6712807862110843,28,5,0,0,0,0,0,1,2,0,,7,1,9,3,0,0,8,3,24,"265,47",,Ciências da Saúde,Campus Arcoverde,Campus Arcoverde
83,449463456141164,35,0,0,0,0,0,0,0,0,0,,10,1,14,4,0,0,21,19,20,"272,31",,Ciências da Saúde,Campus Petrolina,Campus Petrolina
84,3789493569425093,16,0,8,0,0,0,0,0,0,0,,0,1,4,0,0,0,1,0,6,"137,93",,Ciências Humanas,Campus Garanhuns,Campus Garanhuns
85,515617558406443,14,0,0,0,0,0,1,0,3,1,,4,0,4,2,0,2,22,12,24,"253,02",,Ciências da Saúde,Faculdade de Enfermagem Nossa Senhora das Graças,Faculdade de Enfermagem Nossa Senhora das Graças
86,6029612731425372,16,0,12,3,0,3,8,1,0,0,,5,4,28,10,0,0,21,16,32,"479,26",licença maternidade,Ciências Humanas,Campus Petrolina,Campus Petrolina
87,2307104834080116,3,0,0,0,0,0,0,0,0,0,,1,0,1,0,0,0,0,0,14,"110,4",,Ciências da Saúde,Campus Petrolina,Campus Petrolina
88,8401844094233460,2,0,0,0,0,0,0,0,0,0,,0,0,3,0,0,0,0,1,2,"28,22",,Ciências Humanas,Campus Mata Norte,Campus Mata Norte
89,3670203950994403,5,0,0,0,0,0,0,0,0,0,,0,0,0,0,0,0,1,0,4,"43,59",,Ciências da Saúde,Faculdade de Ciências Médicas de Pernambuco,Faculdade de Ciências Médicas de Pernambuco
90,5802503758033757,11,0,4,6,0,1,6,2,1,1,1,0,0,7,20,0,0,10,1,17,"295,31",,Ciências Exatas e da Terra,Campus Mata Norte,Campus Mata Norte
91,788548123321981,5,0,5,7,0,3,5,0,0,0,1,5,8,8,2,6,0,14,7,32,"458,45",,Ciências da Saúde,Instituto de Ciências Biológicas,Instituto de Ciências Biológicas
92,7570123644599716,9,0,1,2,0,0,0,0,1,0,,0,3,0,1,0,0,11,5,11,"156,31",,Ciências da Saúde,Faculdade de Odontologia de Pernambuco,Faculdade de Odontologia de Pernambuco
93,4816181141625565,7,1,6,3,1,5,0,0,0,0,,2,2,7,1,0,0,10,2,20,"256,5",,Ciências da Saúde,Faculdade de Enfermagem Nossa Senhora das Graças,Faculdade de Enfermagem Nossa Senhora das Graças
94,5599417753514014,0,0,0,0,0,0,3,0,0,0,,0,0,0,0,0,0,2,1,0,"11,96",,Ciências Biológicas,Campus Petrolina,Campus Petrolina
95,6629590817606102,32,0,0,0,0,0,1,0,0,0,,5,0,10,0,0,0,2,3,16,"200,13",,Ciências da Saúde,Instituto de Ciências Biológicas,Instituto de Ciências Biológicas
96,1797690171713869,0,0,0,0,2,1,2,0,1,0,,3,0,4,0,0,0,0,0,35,"255,7",,Ciências da Saúde,Faculdade de Ciências Médicas de Pernambuco,Faculdade de Ciências Médicas de Pernambuco
97,2321302608845255,9,8,0,0,0,0,3,0,0,0,,0,0,1,3,0,0,0,2,2,"82,23",,"Linguística, Letras e Artes",Campus Petrolina,Campus Petrolina
98,8091621636430108,5,0,6,5,0,2,1,0,0,0,,0,6,9,0,0,0,12,5,20,"290,21",,Ciências Humanas,Campus Mata Norte,Campus Mata Norte
99,6497912156470566,10,0,0,0,0,0,0,0,0,0,,0,2,2,1,0,0,10,9,3,"89,27",,Ciências Sociais Aplicadas,Campus Arcoverde,Campus Arcoverde
100,4496463696654444,12,0,1,0,0,0,0,0,0,0,,1,0,2,0,0,0,8,3,13,"137,86",,Ciências da Saúde,Escola Superior de Educação Física,Escola Superior de Educação Física
101,7044038214280898,9,9,0,0,0,0,0,0,0,0,,1,0,15,0,0,0,0,6,4,"109,32",,Ciências da Saúde,Faculdade de Enfermagem Nossa Senhora das Graças,Faculdade de Enfermagem Nossa Senhora das Graças
102,5571209011775343,2,0,2,0,2,0,0,0,0,0,,6,0,2,0,0,0,0,0,21,"146,08",,Ciências da Saúde,Faculdade de Odontologia de Pernambuco,Faculdade de Odontologia de Pernambuco
103,4532757895019755,10,3,0,1,0,0,0,2,0,0,,1,1,2,0,0,0,7,3,30,"241,94",,Ciências da Saúde,Faculdade de Enfermagem Nossa Senhora das Graças,Faculdade de Enfermagem Nossa Senhora das Graças
104,6060534833080549,16,1,0,4,0,0,0,0,0,0,,4,0,7,0,0,0,4,3,17,"178,64",,Ciências Humanas,Campus Petrolina,Campus Petrolina
105,4131223647066681,0,2,0,1,0,2,0,0,0,0,,0,0,0,0,0,0,12,0,7,"96,26",,Ciências da Saúde,Faculdade de Ciências Médicas de Pernambuco,Faculdade de Ciências Médicas de Pernambuco
106,5633759906659634,0,0,0,0,0,0,0,0,0,0,,0,0,0,0,0,0,0,0,0,0,,Ciências da Saúde,Faculdade de Ciências Médicas de Pernambuco,Faculdade de Ciências Médicas de Pernambuco
107,2323304598020450,11,0,0,0,0,0,1,0,0,0,,0,2,2,0,0,0,10,3,5,"108,48",,Ciências Humanas,Campus Garanhuns,Campus Garanhuns
108,7862098012857553,0,0,0,0,0,0,0,0,0,0,,0,0,0,1,0,1,0,0,5,"40,64",,Ciências Exatas e da Terra,Campus Surubim,Campus Surubim
109,5395849538049989,14,2,0,0,0,0,0,0,0,0,,0,1,0,0,0,0,0,1,2,"69,59",,Ciências Humanas,Campus Garanhuns,Campus Garanhuns
110,3065241440153910,0,0,0,0,0,0,0,0,0,0,,0,2,4,0,0,0,0,0,3,"38,19",,"Linguística, Letras e Artes",Campus Petrolina,Campus Petrolina
111,5112865759580239,2,0,0,0,0,0,0,0,0,0,,0,0,8,0,0,0,6,15,7,"82,63",,Ciências Biológicas,Campus Petrolina,Campus Petrolina
112,763899636893801,0,0,0,0,0,0,1,0,0,0,,0,0,2,0,0,0,0,0,17,"132,56",,Ciências da Saúde,Campus Arcoverde,Campus Arcoverde
113,4832005457145655,0,0,0,0,0,0,0,1,0,0,,0,0,0,0,0,0,0,1,1,"8,25",,Multidisciplinar,Escola Politécnica de Pernambuco,Escola Politécnica de Pernambuco
114,3304685448889789,6,0,5,3,0,1,0,0,1,0,,0,0,4,0,0,0,8,1,7,"136,4",,Ciências Biológicas,Campus Petrolina,Campus Petrolina
115,2812790850478821,0,0,0,0,0,0,0,0,0,0,,0,0,2,0,0,0,0,0,1,"12,53",,Ciências Humanas,Campus Petrolina,Campus Petrolina
116,3808888967301263,25,0,16,4,0,1,1,0,0,0,,26,0,41,47,0,0,21,9,56,"605,21",,Engenharias,Escola Politécnica de Pernambuco,Escola Politécnica de Pernambuco
117,187435386283637,4,0,0,0,0,0,0,0,0,0,,10,1,6,0,0,0,7,0,54,"312,93",,Ciências da Saúde,Faculdade de Odontologia de Pernambuco,Faculdade de Odontologia de Pernambuco
118,3002913768267662,9,5,4,2,1,1,0,0,0,0,,0,1,3,0,0,0,6,0,2,"112,29",,Ciências Biológicas,Instituto de Ciências Biológicas,Instituto de Ciências Biológicas
119,3033535880538637,1,0,0,0,0,0,0,0,0,0,,1,0,2,9,0,0,0,0,15,"127,58",,Ciências Exatas e da Terra,Campus Garanhuns,Campus Garanhuns
120,8076396801743710,10,4,0,0,0,0,0,0,0,0,,0,0,5,0,0,0,4,50,3,"81,33",,Ciências Sociais Aplicadas,Campus Mata Sul,Campus Mata Sul
121,3022328816415300,0,0,0,0,0,0,0,0,0,0,,0,0,1,3,0,0,4,1,1,"23,28",,Multidisciplinar,Campus Garanhuns,Campus Garanhuns
122,804375840636282,7,0,0,0,0,0,2,0,0,0,,0,0,2,13,0,0,0,4,7,"101,82",licença maternidade,Ciências Exatas e da Terra,Campus Caruaru,Campus Caruaru
123,5335302581548703,0,0,4,1,1,2,0,0,0,0,,8,0,0,0,0,0,1,0,28,"177,54",,Ciências da Saúde,Faculdade de Odontologia de Pernambuco,Faculdade de Odontologia de Pernambuco
124,5544280986311367,15,13,0,2,0,0,0,0,0,0,,8,0,1,0,0,0,11,2,36,"289,55",,Ciências da Saúde,Faculdade de Enfermagem Nossa Senhora das Graças,Faculdade de Enfermagem Nossa Senhora das Graças
125,1416884886516619,0,0,0,0,0,0,0,0,0,0,,1,0,0,0,0,0,5,2,6,"46,35",,Ciências da Saúde,Campus Petrolina,Campus Petrolina
126,4514740366790714,12,0,0,0,0,0,0,0,0,0,,0,0,0,2,3,0,1,0,1,"84,31",,Engenharias,Escola Politécnica de Pernambuco,Escola Politécnica de Pernambuco
127,3313997968136136,0,0,0,0,0,0,0,0,0,0,,0,0,0,3,0,1,0,0,4,"35,91",,Ciências Exatas e da Terra,Campus Garanhuns,Campus Garanhuns
128,5162383049547519,4,1,1,2,0,0,1,0,0,0,,0,0,4,1,0,0,9,0,6,"95,61",,Ciências Humanas,Campus Garanhuns,Campus Garanhuns
129,2183864514413741,8,0,10,4,0,2,1,0,0,0,,0,8,7,14,0,0,9,6,15,"294,51",,Ciências Humanas,Campus Mata Norte,Campus Mata Norte
130,5741654149782775,63,0,0,1,0,0,2,0,0,0,,5,0,14,0,0,0,2,2,31,"418,88",,Ciências Sociais Aplicadas,Campus Salgueiro,Campus Salgueiro
131,4578456189518357,18,0,5,6,0,0,0,0,0,0,,0,5,19,23,0,0,10,9,7,"273,69",,Ciências Humanas,Campus Petrolina,Campus Petrolina
132,4180197877795283,4,0,8,2,0,0,2,2,0,0,,18,0,1,0,0,0,9,0,36,211,,Ciências da Saúde,Faculdade de Odontologia de Pernambuco,Faculdade de Odontologia de Pernambuco
133,6216171738557034,13,0,3,2,2,3,0,0,0,0,,1,2,2,0,0,0,15,9,25,"287,39",,Ciências da Saúde,Faculdade de Enfermagem Nossa Senhora das Graças,Faculdade de Enfermagem Nossa Senhora das Graças
134,6194257274936263,14,0,6,1,0,2,1,0,0,0,,6,0,1,0,0,0,9,1,25,"233,62",,Ciências da Saúde,Faculdade de Odontologia de Pernambuco,Faculdade de Odontologia de Pernambuco
135,2716979491719617,7,1,0,0,0,0,1,0,0,0,,0,0,1,0,0,0,0,14,3,"50,18",,Ciências da Saúde,Campus Petrolina,Campus Petrolina
136,1185370087951081,7,3,0,0,0,0,0,0,0,0,,0,1,0,0,0,0,1,2,5,"74,18",,Ciências da Saúde,Campus Petrolina,Campus Petrolina
137,7371770805571855,4,8,0,0,0,1,4,1,0,1,,3,0,1,0,0,0,6,0,39,"305,29",,Ciências da Saúde,Faculdade de Odontologia de Pernambuco,Faculdade de Odontologia de Pernambuco
138,1170471698880208,6,0,4,1,0,4,1,0,0,0,1,3,4,14,23,0,0,6,0,26,"344,95",,Ciências Biológicas,Instituto de Ciências Biológicas,Instituto de Ciências Biológicas
139,5150035762463304,1,0,0,0,0,0,2,0,1,2,,0,0,0,0,0,0,2,0,2,"33,22",,Ciências da Saúde,Campus Arcoverde,Campus Arcoverde
140,5370039475929029,50,28,8,5,0,0,2,3,0,0,,14,2,4,28,0,0,9,3,82,"842,86",,Ciências Sociais Aplicadas,Campus Salgueiro,Campus Salgueiro
141,68635489527393,2,0,6,2,7,4,0,0,0,0,,7,0,0,0,0,0,9,0,26,"235,92",,Ciências da Saúde,Faculdade de Enfermagem Nossa Senhora das Graças,Faculdade de Enfermagem Nossa Senhora das Graças
142,7543117866094322,19,9,0,0,0,0,0,0,0,0,,1,1,3,0,0,0,5,4,26,"266,45",,Ciências da Saúde,Faculdade de Enfermagem Nossa Senhora das Graças,Faculdade de Enfermagem Nossa Senhora das Graças
143,619214588915997,19,0,0,2,0,0,0,0,0,0,,0,5,3,1,0,0,8,3,12,"202,07",,Ciências da Saúde,Campus Garanhuns,Campus Garanhuns
144,7516717983803034,2,0,0,0,0,0,0,0,0,0,,0,0,0,0,0,0,0,0,0,"6,08",,Ciências Sociais Aplicadas,Campus Arcoverde,Campus Arcoverde
145,3431709795441810,6,4,0,0,0,0,0,0,0,0,,0,0,1,1,0,0,0,2,5,"69,61",,"Linguística, Letras e Artes",Campus Petrolina,Campus Petrolina
146,1517739766351645,10,0,0,1,0,0,0,0,0,0,,0,0,0,0,0,0,14,3,6,"107,55",,Ciências da Saúde,Faculdade de Odontologia de Pernambuco,Faculdade de Odontologia de Pernambuco
147,729790629781425,10,0,0,0,0,0,0,0,0,0,,1,0,0,1,0,0,2,0,5,"63,07",,Ciências da Saúde,Faculdade de Odontologia de Pernambuco,Faculdade de Odontologia de Pernambuco
148,2537203877318701,19,0,9,5,0,0,0,1,0,0,,3,1,6,0,0,0,11,10,12,"214,98",,"Linguística, Letras e Artes",Campus Garanhuns,Campus Garanhuns
149,1087934915290279,19,2,9,4,0,5,4,2,1,1,1,1,10,20,4,0,0,33,5,36,"584,25",,Ciências Humanas,Campus Arcoverde,Campus Arcoverde
150,6977858466262358,15,0,0,0,0,0,0,0,0,0,,0,0,3,0,0,0,5,5,3,"83,09",,Ciências Humanas,Campus Petrolina,Campus Petrolina
151,6622866489872495,2,0,0,0,0,0,0,0,0,0,,0,0,1,2,0,0,0,0,1,"16,52",,Engenharias,Escola Politécnica de Pernambuco,Escola Politécnica de Pernambuco
152,7100425020183379,8,0,1,4,0,0,4,0,2,0,,0,1,12,1,0,0,16,4,11,"205,45",,Ciências Sociais Aplicadas,Faculdade de Ciências da Administração de Pernambuco,Faculdade de Ciências da Administração de Pernambuco
153,695657330429678,11,1,8,2,0,2,1,0,0,0,,5,2,20,9,0,0,16,13,63,"566,99",,Ciências da Saúde,Campus Petrolina,Campus Petrolina
154,7361549897670974,13,0,0,0,0,0,0,0,0,0,,0,0,1,0,0,0,1,5,3,"60,46",,"Linguística, Letras e Artes",Campus Petrolina,Campus Petrolina
155,6327629165346745,1,0,0,0,0,0,1,0,0,0,,2,0,0,5,0,0,2,0,3,"27,76",,Ciências Biológicas,Campus Petrolina,Campus Petrolina
156,7800377839538013,14,0,6,3,1,3,0,0,1,0,,0,0,1,0,0,0,5,0,16,"223,82",,Ciências da Saúde,Campus Petrolina,Campus Petrolina
157,7614366648245132,0,0,2,0,2,0,0,0,0,0,,1,3,20,0,0,0,0,0,21,"220,32",,Ciências da Saúde,Faculdade de Ciências Médicas de Pernambuco,Faculdade de Ciências Médicas de Pernambuco
158,898795471841333,4,0,0,0,0,0,0,0,0,0,,0,0,0,0,0,0,1,2,4,"38,29",,Ciências Humanas,Campus Petrolina,Campus Petrolina
159,6688084327804941,18,0,4,2,0,3,1,2,1,0,,0,0,0,0,0,0,10,2,7,"173,15",,Ciências da Saúde,Campus Petrolina,Campus Petrolina
160,4677068057535979,3,0,2,2,0,0,0,0,0,0,,0,0,1,0,0,0,0,0,0,"26,32",,"Linguística, Letras e Artes",Campus Mata Norte,Campus Mata Norte
161,5076393385826777,6,4,9,1,0,0,6,0,0,0,,13,0,0,0,0,0,11,6,33,"244,54",,Ciências da Saúde,Faculdade de Odontologia de Pernambuco,Faculdade de Odontologia de Pernambuco
162,4727966861161640,5,0,2,5,4,1,1,1,0,1,,2,1,2,0,0,0,5,0,20,"223,09",,Ciências da Saúde,Faculdade de Odontologia de Pernambuco,Faculdade de Odontologia de Pernambuco
163,6941717348545116,17,11,10,6,0,1,4,1,1,0,,0,9,15,8,0,0,16,13,44,"590,41",,Multidisciplinar,Campus Garanhuns,Campus Garanhuns
164,"9,45745393079883E+015",3,0,0,0,0,0,0,0,0,0,,0,0,3,0,0,0,9,4,6,"77,18",,Ciências da Saúde,Campus Arcoverde,Campus Arcoverde
165,4371488873789124,0,0,0,0,0,0,1,0,0,0,,0,0,0,0,0,0,3,3,5,"42,47",,Ciências Biológicas,Instituto de Ciências Biológicas,Instituto de Ciências Biológicas
166,3127844887625744,9,1,0,0,0,0,0,0,0,0,,0,2,2,2,0,0,0,5,8,"102,3",,Ciências Humanas,Campus Mata Norte,Campus Mata Norte
167,2329666211891606,8,8,3,1,0,0,0,0,0,1,,0,0,0,0,0,0,9,7,2,"98,77",,Ciências Biológicas,Instituto de Ciências Biológicas,Instituto de Ciências Biológicas
168,5654427917215868,0,0,1,1,0,0,0,0,0,0,,0,0,0,1,0,0,5,7,5,"57,34",,Ciências Exatas e da Terra,Escola Politécnica de Pernambuco,Escola Politécnica de Pernambuco
169,1245219820023627,27,1,3,2,0,0,0,0,0,0,,3,7,20,4,0,0,11,5,16,"303,26",,Ciências Sociais Aplicadas,Faculdade de Ciências da Administração de Pernambuco,Faculdade de Ciências da Administração de Pernambuco
170,5065595395611242,14,0,0,0,0,0,0,0,0,0,,0,0,2,0,0,0,1,0,1,"55,55",,Ciências Humanas,Campus Mata Norte,Campus Mata Norte
171,8188425303512198,4,0,0,0,0,0,0,0,0,0,,0,3,0,0,0,0,9,0,5,"75,81",,Ciências da Saúde,Faculdade de Odontologia de Pernambuco,Faculdade de Odontologia de Pernambuco
172,8208889892167734,10,2,0,0,0,0,1,1,0,1,,0,0,9,7,0,0,0,0,32,"289,16",,Ciências da Saúde,Faculdade de Enfermagem Nossa Senhora das Graças,Faculdade de Enfermagem Nossa Senhora das Graças
173,8463711693950244,3,0,3,0,0,0,1,0,0,0,,0,0,0,0,0,0,4,0,7,"84,02",,Ciências da Saúde,Escola Superior de Educação Física,Escola Superior de Educação Física
174,600610254629014,1,0,0,0,0,0,0,0,0,0,,0,0,1,0,0,0,0,0,3,"23,98",,"Linguística, Letras e Artes",Campus Petrolina,Campus Petrolina
175,1867403909398836,2,0,4,3,0,2,0,0,0,0,,0,0,1,12,1,0,10,0,9,"157,19",,Engenharias,Escola Politécnica de Pernambuco,Escola Politécnica de Pernambuco
176,7572639524696218,1,0,0,0,0,0,0,0,0,0,,0,1,1,2,0,0,0,2,2,"27,28",,Ciências Humanas,Campus Mata Norte,Campus Mata Norte
177,388084011060043,1,0,0,0,0,0,0,0,0,0,,0,0,0,0,0,0,0,0,0,"3,04",,Ciências Humanas,Campus Mata Norte,Campus Mata Norte
178,8032029104613904,20,0,8,4,1,2,1,0,0,0,,0,0,14,8,0,0,17,3,18,"328,43",,Ciências Humanas,Campus Mata Norte,Campus Mata Norte
179,7048220239665859,1,0,0,1,0,0,0,1,0,0,,4,0,1,1,0,4,0,1,6,"32,16",,Ciências Exatas e da Terra,Escola Politécnica de Pernambuco,Escola Politécnica de Pernambuco
180,1589032892113055,9,0,0,2,0,0,0,0,0,0,,1,0,1,6,2,0,0,0,6,"108,59",,Engenharias,Escola Politécnica de Pernambuco,Escola Politécnica de Pernambuco
181,6444938839749727,7,12,0,1,0,0,2,0,0,3,,3,0,0,0,0,0,10,1,18,"200,95",,Ciências da Saúde,Faculdade de Odontologia de Pernambuco,Faculdade de Odontologia de Pernambuco
182,6602665505436088,10,0,5,0,0,0,1,0,0,0,,0,0,1,0,0,0,1,7,14,"157,18",,Ciências Agrárias,Campus Garanhuns,Campus Garanhuns
183,5901926328142268,1,0,0,0,0,0,0,0,0,0,,0,0,2,0,0,0,0,2,1,"15,11",,Multidisciplinar,Escola Politécnica de Pernambuco,Escola Politécnica de Pernambuco
184,4138279458984839,31,0,0,0,0,0,0,0,0,0,,4,1,7,8,0,0,10,0,26,"291,51",,Ciências da Saúde,Faculdade de Odontologia de Pernambuco,Faculdade de Odontologia de Pernambuco
185,2838963647916761,13,0,0,0,0,0,0,0,0,0,,0,2,0,1,0,0,5,3,2,"73,1",,Ciências Sociais Aplicadas,Campus Arcoverde,Campus Arcoverde
186,1580789194090971,1,0,0,0,0,0,0,0,0,0,,5,0,0,0,0,0,5,1,15,"73,53",,Ciências da Saúde,Faculdade de Ciências Médicas de Pernambuco,Faculdade de Ciências Médicas de Pernambuco
187,7932013037746987,5,0,0,0,0,0,0,0,0,0,,0,1,0,1,0,0,0,1,1,"28,83",,Ciências Humanas,Campus Petrolina,Campus Petrolina
188,6318357380726722,5,9,0,0,0,0,0,0,0,0,,5,4,18,2,0,0,6,12,18,"210,69",,Ciências da Saúde,Campus Petrolina,Campus Petrolina
189,2629444811211201,8,0,8,8,0,2,0,0,0,1,1,1,6,48,8,0,0,11,9,26,"463,21",,Ciências Humanas,Campus Petrolina,Campus Petrolina
190,1250376871510130,16,7,0,4,0,0,2,0,0,0,,3,3,8,1,0,0,8,13,7,"168,74",,Ciências da Saúde,Campus Petrolina,Campus Petrolina
191,281514860927320,0,0,0,0,0,0,0,0,0,0,,0,0,1,0,0,0,0,0,0,"2,46",,Ciências Exatas e da Terra,Escola Politécnica de Pernambuco,Escola Politécnica de Pernambuco
192,"9,45612082820881E+015",10,0,0,0,0,0,0,0,0,0,,0,1,5,2,0,0,6,8,16,"168,01",,Ciências da Saúde,Campus Petrolina,Campus Petrolina
193,6223737818201084,0,0,0,0,0,0,0,0,0,0,,0,1,3,0,0,0,0,6,10,"74,19",,Ciências da Saúde,Instituto de Ciências Biológicas,Instituto de Ciências Biológicas
194,6358368837129919,6,0,0,0,0,0,0,0,0,0,,1,1,0,0,0,0,2,1,4,"48,74",,Ciências Exatas e da Terra,Campus Mata Norte,Campus Mata Norte
195,602976069274879,5,0,0,0,0,0,2,0,2,0,,0,5,3,25,0,0,2,9,7,"151,84",,Ciências Exatas e da Terra,Campus Garanhuns,Campus Garanhuns
196,4527436744915117,0,0,0,0,0,0,0,0,0,0,,0,0,0,0,0,0,0,0,0,0,,Ciências da Saúde,Faculdade de Enfermagem Nossa Senhora das Graças,Faculdade de Enfermagem Nossa Senhora das Graças
197,"9,72081576732934E+015",2,0,0,0,0,0,0,0,0,0,,0,3,4,0,0,0,15,1,2,"75,19",,"Linguística, Letras e Artes",Campus Mata Norte,Campus Mata Norte
198,8757887547546614,39,0,0,0,0,0,0,1,0,1,,2,0,1,0,0,0,4,1,10,"190,66",,Ciências da Saúde,Faculdade de Enfermagem Nossa Senhora das Graças,Faculdade de Enfermagem Nossa Senhora das Graças
199,1273728002267696,8,2,0,0,0,0,0,0,0,0,,0,0,4,0,0,0,0,1,5,"70,3",,Ciências Humanas,Campus Garanhuns,Campus Garanhuns
200,"9,86126185044397E+015",10,0,0,0,0,0,0,2,0,2,,0,0,0,3,0,0,8,0,2,"75,87",,Ciências Exatas e da Terra,Campus Caruaru,Campus Caruaru
201,1268819829125332,0,0,0,0,0,0,0,0,0,0,,0,0,0,0,0,0,0,1,0,0,,Ciências da Saúde,Faculdade de Enfermagem Nossa Senhora das Graças,Faculdade de Enfermagem Nossa Senhora das Graças
202,1986461838794888,2,0,4,2,9,2,0,0,0,0,,5,0,4,0,0,0,0,0,41,"326,26",,Ciências da Saúde,Faculdade de Enfermagem Nossa Senhora das Graças,Faculdade de Enfermagem Nossa Senhora das Graças
203,4561630910169692,0,0,0,0,0,0,0,0,0,0,,0,0,0,0,0,0,0,0,0,0,,Ciências Biológicas,Campus Mata Norte,Campus Mata Norte
204,5849424499620109,12,0,0,0,0,0,0,0,0,0,,0,0,2,2,0,0,0,0,11,"117,24",,Ciências Sociais Aplicadas,Faculdade de Ciências da Administração de Pernambuco,Faculdade de Ciências da Administração de Pernambuco
205,537691292218540,1,0,0,0,0,0,0,0,0,0,,0,0,14,0,0,0,3,0,4,"73,86",,Ciências Humanas,Campus Petrolina,Campus Petrolina
206,8096236027203954,5,0,0,5,0,0,0,0,0,0,,2,0,1,0,0,0,0,0,9,"84,08",,Ciências Humanas,Campus Mata Norte,Campus Mata Norte
207,3678092274717933,0,2,0,2,0,0,0,0,0,0,,0,0,0,0,0,0,21,0,6,"98,28",,Ciências da Saúde,Faculdade de Ciências Médicas de Pernambuco,Faculdade de Ciências Médicas de Pernambuco
208,1868656138898441,10,0,5,7,0,5,3,0,1,0,1,1,0,1,18,2,3,0,0,20,"308,67",,Ciências Exatas e da Terra,Escola Politécnica de Pernambuco,Escola Politécnica de Pernambuco
209,"9,08665544571735E+015",0,1,0,0,0,0,0,0,0,0,,2,0,3,10,0,0,0,0,21,"155,26",,Ciências Sociais Aplicadas,Faculdade de Ciências da Administração de Pernambuco,Faculdade de Ciências da Administração de Pernambuco
210,1560074891655247,13,9,0,3,0,0,0,0,0,0,,3,3,6,0,0,0,6,2,5,"137,49",,"Linguística, Letras e Artes",Campus Garanhuns,Campus Garanhuns
211,6485946433448271,9,0,0,0,0,0,0,0,0,0,,5,0,0,0,0,0,0,0,12,"82,51",,Engenharias,Escola Politécnica de Pernambuco,Escola Politécnica de Pernambuco
212,2542979297222110,7,0,7,2,0,3,1,0,0,0,,0,31,49,4,0,0,6,2,12,"459,11",,Ciências Humanas,Campus Mata Norte,Campus Mata Norte
213,"9,70774178467811E+015",1,0,9,4,0,5,1,1,0,0,,2,19,34,17,3,0,10,0,10,"403,35",,Engenharias,Escola Politécnica de Pernambuco,Escola Politécnica de Pernambuco
214,4398941156391584,17,7,4,6,0,2,1,0,0,0,,0,3,7,2,0,0,9,5,13,"268,85",,Ciências Humanas,Campus Petrolina,Campus Petrolina
215,1627549707354057,0,0,0,0,0,0,0,0,0,0,,0,0,0,0,0,0,0,0,1,"5,1",,Ciências da Saúde,Faculdade de Ciências Médicas de Pernambuco,Faculdade de Ciências Médicas de Pernambuco
216,3633670553901920,2,0,0,0,0,0,0,0,0,0,,0,0,2,1,0,0,1,0,5,"48,42",,Ciências Humanas,Campus Mata Norte,Campus Mata Norte
217,"9,72864371483946E+015",11,0,2,2,0,2,3,0,1,0,,4,0,3,0,0,0,2,0,16,"167,95",,Ciências da Saúde,Faculdade de Ciências Médicas de Pernambuco,Faculdade de Ciências Médicas de Pernambuco
218,6889808264608496,0,0,0,0,0,0,2,1,0,2,,0,0,1,0,0,0,8,0,2,"46,18",,Ciências da Saúde,Faculdade de Ciências Médicas de Pernambuco,Faculdade de Ciências Médicas de Pernambuco
219,8202202225998755,3,0,7,3,0,0,0,0,0,0,,0,0,2,0,0,0,0,1,2,"62,45",,"Linguística, Letras e Artes",Campus Mata Norte,Campus Mata Norte
220,4053497163192725,14,0,0,1,0,0,0,0,0,0,,2,5,6,0,0,0,1,1,15,"177,6",,Ciências da Saúde,Campus Arcoverde,Campus Arcoverde
221,2933742577119428,2,0,3,0,0,0,1,1,0,1,,0,3,6,0,0,0,3,4,5,"98,24",,Ciências Humanas,Campus Mata Norte,Campus Mata Norte
222,7693524291851613,5,0,0,0,0,0,0,0,0,0,,0,5,7,7,0,0,21,2,6,"154,61",,Ciências Humanas,Campus Garanhuns,Campus Garanhuns
223,2174091280358934,4,0,0,4,0,0,0,0,0,0,,0,0,1,3,0,0,1,0,2,"50,74",,Engenharias,Escola Politécnica de Pernambuco,Escola Politécnica de Pernambuco
224,1388476586256179,10,0,7,5,0,3,0,0,0,0,,1,0,3,15,0,0,7,1,16,"237,37",,Ciências Humanas,Campus Mata Norte,Campus Mata Norte
225,4501452839799211,6,0,0,0,0,0,0,0,0,0,,0,1,7,0,0,0,0,6,1,"45,83",,Ciências Humanas,Campus Garanhuns,Campus Garanhuns
226,3463794887444496,21,0,5,1,0,0,1,0,0,0,,1,2,4,0,0,0,5,0,20,"252,45",,"Linguística, Letras e Artes",Campus Mata Norte,Campus Mata Norte
227,4592045639377868,7,0,0,0,0,0,0,0,0,0,,0,1,3,0,0,0,2,2,1,"45,64",,Ciências da Saúde,Campus Arcoverde,Campus Arcoverde
228,3171256363114269,3,0,0,0,0,0,0,0,0,0,,0,0,3,0,0,0,0,0,7,"52,2",,Ciências da Saúde,Faculdade de Odontologia de Pernambuco,Faculdade de Odontologia de Pernambuco
229,1133626253912163,0,0,3,1,0,2,1,0,0,0,,0,0,0,0,2,0,9,0,10,"145,56",,Ciências da Saúde,Instituto de Ciências Biológicas,Instituto de Ciências Biológicas
230,7097215751391849,0,5,0,2,0,0,0,0,0,0,,0,1,1,0,0,0,6,4,7,"89,48",,Ciências Sociais Aplicadas,Faculdade de Ciências da Administração de Pernambuco,Faculdade de Ciências da Administração de Pernambuco
231,3016685473226526,4,0,0,0,0,0,0,0,0,0,,0,0,2,0,0,0,2,0,2,"35,94",,Ciências Humanas,Faculdade de Ciências da Administração de Pernambuco,Faculdade de Ciências da Administração de Pernambuco
232,5441532286749666,18,0,0,0,0,0,0,0,0,0,,0,0,0,0,0,0,2,4,8,"113,3",,Ciências Humanas,Campus Garanhuns,Campus Garanhuns
233,8026582094695637,8,14,0,0,0,0,0,0,0,0,,5,4,34,0,0,0,7,5,14,"251,09",,Ciências Biológicas,Instituto de Ciências Biológicas,Instituto de Ciências Biológicas
234,"9,76074063267824E+015",20,10,14,3,1,1,6,0,0,1,1,2,1,10,0,1,0,12,4,25,"421,24",licença maternidade,Ciências Biológicas,Instituto de Ciências Biológicas,Instituto de Ciências Biológicas
235,927222377331886,7,0,0,1,0,0,0,0,0,0,,0,0,4,2,0,0,6,5,9,"114,82",,Ciências Humanas,Campus Garanhuns,Campus Garanhuns
236,"9,040098423175E+015",0,0,0,4,0,0,0,0,0,0,,1,0,1,0,0,0,6,0,11,"108,02",,Ciências da Saúde,Campus Serra Talhada,Campus Serra Talhada
237,7651928845039306,9,0,5,4,0,0,1,0,0,0,,0,1,6,5,0,0,2,13,6,"133,77",,Ciências da Saúde,Escola Superior de Educação Física,Escola Superior de Educação Física
238,551212219219114,23,0,9,5,1,4,2,1,0,2,1,0,3,8,6,0,0,12,4,18,"352,46",,Ciências Humanas,Campus Mata Norte,Campus Mata Norte
239,5853695582658559,2,0,7,4,0,1,0,0,1,0,,12,0,1,11,0,0,1,4,50,365,,Engenharias,Escola Politécnica de Pernambuco,Escola Politécnica de Pernambuco
240,1575639818209549,17,0,2,2,0,0,0,0,0,0,,0,4,10,0,0,0,7,17,5,"157,43",,Ciências Humanas,Campus Garanhuns,Campus Garanhuns
241,1781025579036972,0,0,0,0,0,0,0,0,0,0,,0,0,0,0,0,0,1,0,0,"2,05",,Ciências da Saúde,Faculdade de Ciências Médicas de Pernambuco,Faculdade de Ciências Médicas de Pernambuco
242,6512554423374405,22,2,0,0,0,0,0,0,0,0,,0,0,1,0,1,0,0,0,0,"87,03",,Ciências da Saúde,Centro Universitário Integrado de Saúde Amaury de Medeiros,Centro Universitário Integrado de Saúde Amaury de Medeiros
243,8484434695038361,5,11,0,0,0,0,0,0,0,1,,2,0,0,0,0,0,8,3,8,"108,78",,Ciências da Saúde,Faculdade de Enfermagem Nossa Senhora das Graças,Faculdade de Enfermagem Nossa Senhora das Graças
244,328203509763633,16,0,0,0,0,0,1,0,0,0,,0,0,1,0,0,0,0,3,8,"106,15",,Ciências da Saúde,Campus Petrolina,Campus Petrolina
245,1109699392407152,22,0,5,4,0,0,0,0,0,0,,0,0,1,0,0,0,2,4,9,"160,72",,Ciências da Saúde,Escola Superior de Educação Física,Escola Superior de Educação Física
246,6828126996794621,11,0,1,4,0,0,1,5,0,0,,0,3,14,0,0,0,18,9,8,"209,35",,Ciências Exatas e da Terra,Campus Garanhuns,Campus Garanhuns
247,6962312823063593,0,4,2,1,1,1,0,0,0,0,,0,1,0,0,0,0,2,5,4,"67,74",,Ciências da Saúde,Faculdade de Ciências Médicas de Pernambuco,Faculdade de Ciências Médicas de Pernambuco
248,2931412260551355,0,0,0,0,0,0,0,0,0,0,,0,0,2,0,0,0,0,2,4,"33,06",,Ciências da Saúde,Campus Petrolina,Campus Petrolina
249,7538442112091540,0,0,0,0,0,0,0,0,0,0,,0,0,6,2,0,0,0,0,6,61,,Ciências Humanas,Campus Petrolina,Campus Petrolina
250,2800034267415426,0,1,0,1,0,0,0,0,0,0,,0,0,0,1,0,0,0,0,12,"92,42",,Engenharias,Escola Politécnica de Pernambuco,Escola Politécnica de Pernambuco
251,8265560955064959,0,0,0,2,0,0,2,0,1,1,,0,0,3,0,0,0,4,0,26,"229,03",,Ciências da Saúde,Campus Petrolina,Campus Petrolina
252,693792482691374,7,4,0,0,0,0,0,0,0,0,,0,1,6,0,0,0,1,1,6,"94,32",,Ciências da Saúde,Campus Arcoverde,Campus Arcoverde
253,782464542495200,1,0,0,1,0,0,1,0,1,1,,0,0,0,0,1,0,2,0,17,"153,99",,Engenharias,Escola Politécnica de Pernambuco,Escola Politécnica de Pernambuco
254,395579865939862,3,1,0,0,0,0,0,0,0,0,,0,0,3,0,0,0,0,0,5,"54,62",,Ciências da Saúde,Campus Serra Talhada,Campus Serra Talhada
255,2051780563718960,18,0,8,4,0,2,0,0,0,0,,0,4,9,15,0,0,16,16,16,"307,59",,Ciências da Saúde,Escola Superior de Educação Física,Escola Superior de Educação Física
256,7327254717486777,7,0,0,0,0,0,1,0,0,0,,0,1,1,1,0,0,9,7,11,"126,76",,Ciências Exatas e da Terra,Campus Petrolina,Campus Petrolina
257,7676209122825263,5,0,0,0,0,0,0,0,0,0,,0,0,0,0,0,0,0,4,9,"73,65",,Ciências da Saúde,Campus Petrolina,Campus Petrolina
258,"9,77207024779564E+015",6,0,0,0,0,0,0,0,0,0,,0,0,2,0,0,0,0,7,12,"106,2",,Ciências Humanas,Campus Mata Norte,Campus Mata Norte
259,2497828313831885,2,0,0,0,0,0,0,0,0,0,,30,3,1,0,0,0,0,0,105,"498,44",,Ciências da Saúde,Faculdade de Odontologia de Pernambuco,Faculdade de Odontologia de Pernambuco
260,2023473590819430,18,0,10,4,0,2,0,0,0,0,,0,2,11,3,0,0,14,7,14,"287,29",,Ciências Humanas,Campus Petrolina,Campus Petrolina
261,3574609640969039,16,0,0,0,0,0,1,5,0,4,,4,1,11,3,2,0,5,0,21,"277,52",,Ciências Biológicas,Campus Ouricuri,Campus Ouricuri
262,"9,7051059914645E+015",4,0,4,3,0,2,0,0,2,0,1,0,0,0,5,1,0,4,0,14,"193,08",,Ciências Exatas e da Terra,Escola Politécnica de Pernambuco,Escola Politécnica de Pernambuco
263,6444457006826011,12,0,0,0,0,0,1,0,0,1,,0,0,5,7,0,0,8,16,6,"120,73",,Ciências Exatas e da Terra,Campus Petrolina,Campus Petrolina
264,4712844560451980,0,0,0,0,0,0,0,0,0,0,,0,1,1,0,0,0,0,0,0,"7,73",,Ciências da Saúde,Faculdade de Ciências Médicas de Pernambuco,Faculdade de Ciências Médicas de Pernambuco
265,3525637613163584,11,0,4,3,0,1,4,4,1,1,1,2,0,3,1,1,0,11,3,18,"254,98",,Ciências da Saúde,Campus Garanhuns,Campus Garanhuns
266,2332836869939652,4,0,5,2,0,3,3,1,0,4,,2,1,3,0,0,0,7,1,14,"185,8",,Ciências da Saúde,Faculdade de Enfermagem Nossa Senhora das Graças,Faculdade de Enfermagem Nossa Senhora das Graças
267,4644315988385831,0,0,0,0,0,0,0,0,0,0,,1,0,0,0,0,0,0,1,3,"15,78",,Ciências da Saúde,Campus Petrolina,Campus Petrolina
268,2847100874265974,1,0,0,0,0,0,0,0,0,0,,0,0,0,0,0,0,0,0,10,"61,82",,Ciências da Saúde,Faculdade de Odontologia de Pernambuco,Faculdade de Odontologia de Pernambuco
269,3937572174818591,7,0,5,3,1,1,2,0,0,1,,0,4,6,2,0,0,8,0,17,"249,92",,Multidisciplinar,Campus Mata Norte,Campus Mata Norte
270,1751806626448646,6,0,6,1,0,5,0,0,0,0,,0,1,3,2,0,0,14,0,19,"231,38",,Ciências Humanas,Escola Superior de Educação Física,Escola Superior de Educação Física
271,7962941415849009,0,10,0,0,0,0,0,1,0,0,,2,0,0,0,0,0,0,1,7,"65,19",,Ciências da Saúde,Faculdade de Odontologia de Pernambuco,Faculdade de Odontologia de Pernambuco
272,4758034198803974,4,0,0,0,0,0,1,0,1,0,,8,1,3,0,0,0,0,0,19,"113,89",,Ciências da Saúde,Faculdade de Odontologia de Pernambuco,Faculdade de Odontologia de Pernambuco
273,2565359313055334,12,0,0,2,0,0,2,2,0,0,,0,1,0,16,0,0,1,2,4,"115,53",,Engenharias,Escola Politécnica de Pernambuco,Escola Politécnica de Pernambuco
274,2301804733279968,4,0,8,2,1,4,0,0,0,0,,0,1,12,6,0,0,13,9,14,"234,62",,Ciências da Saúde,Escola Superior de Educação Física,Escola Superior de Educação Física
275,3478546431516522,3,1,8,3,1,2,0,0,0,0,,3,0,7,0,1,0,4,1,30,"284,28",,Ciências da Saúde,Faculdade de Ciências Médicas de Pernambuco,Faculdade de Ciências Médicas de Pernambuco
276,2147900115324777,0,0,2,0,0,0,1,0,0,0,,0,0,0,0,1,0,7,0,3,"58,77",,Ciências Exatas e da Terra,Escola Politécnica de Pernambuco,Escola Politécnica de Pernambuco
277,1255644458061968,9,0,6,0,5,6,1,0,0,0,1,3,1,3,0,0,0,4,1,41,"400,93",,Ciências da Saúde,Escola Superior de Educação Física,Escola Superior de Educação Física
278,8925145168737538,6,0,4,0,3,0,0,0,0,0,,0,0,6,0,0,0,2,0,15,"175,2",,Ciências da Saúde,Faculdade de Odontologia de Pernambuco,Faculdade de Odontologia de Pernambuco
279,"9,19890733268508E+015",0,0,0,0,0,0,0,0,0,0,,1,0,3,0,0,0,0,2,8,"50,54",,Ciências da Saúde,Campus Serra Talhada,Campus Serra Talhada
280,4487728205656848,0,0,0,0,0,0,0,0,0,0,,0,0,0,0,0,0,1,0,1,"8,74",,Ciências da Saúde,Instituto de Ciências Biológicas,Instituto de Ciências Biológicas
281,8873017504163975,3,1,5,1,0,0,0,0,0,0,,3,0,1,1,0,0,8,4,13,"130,05",,Ciências da Saúde,Campus Petrolina,Campus Petrolina
282,968901873091698,4,7,0,5,0,0,1,0,0,1,,0,3,9,1,0,0,3,3,14,"189,58",,"Linguística, Letras e Artes",Campus Garanhuns,Campus Garanhuns
283,6582201624701491,13,0,0,0,0,0,0,0,0,0,,0,0,2,5,0,0,2,3,1,"62,91",,Ciências Humanas,Campus Petrolina,Campus Petrolina
284,4220630881662396,7,2,0,0,0,0,0,0,0,1,,4,0,2,0,0,0,3,5,12,"102,19",,Ciências da Saúde,Faculdade de Enfermagem Nossa Senhora das Graças,Faculdade de Enfermagem Nossa Senhora das Graças
285,8393973938706517,9,2,1,6,0,0,1,2,1,1,,4,1,1,0,0,0,10,2,20,"203,32",,Ciências da Saúde,Faculdade de Enfermagem Nossa Senhora das Graças,Faculdade de Enfermagem Nossa Senhora das Graças
286,3604533312154051,0,0,0,0,0,0,0,0,0,0,,1,0,1,0,0,0,0,0,7,"40,48",,Ciências da Saúde,Faculdade de Ciências Médicas de Pernambuco,Faculdade de Ciências Médicas de Pernambuco
287,1996799211395009,6,0,9,3,0,6,0,0,0,0,1,0,2,6,2,0,0,5,12,17,"256,74",,Ciências Humanas,Campus Mata Norte,Campus Mata Norte
289,471789576411239,4,0,2,0,0,2,1,0,0,0,,2,0,0,9,2,0,1,3,9,"123,84",,Engenharias,Escola Politécnica de Pernambuco,Escola Politécnica de Pernambuco
290,"9,91053327148715E+015",13,0,0,0,0,0,0,0,0,0,,1,0,8,0,0,0,10,22,3,"94,56",,Ciências da Saúde,Campus Petrolina,Campus Petrolina
291,60061609762081,15,0,0,0,0,0,0,0,0,0,,0,0,2,0,0,0,5,5,1,"66,79",,Ciências da Saúde,Instituto de Ciências Biológicas,Instituto de Ciências Biológicas
292,5272151283160506,0,0,0,0,0,0,0,0,0,0,,0,0,0,0,0,0,0,7,0,0,,Ciências da Saúde,Campus Garanhuns,Campus Garanhuns
293,41667579789971,7,11,0,0,0,0,0,0,0,1,,3,0,0,2,0,0,0,1,22,"187,65",,Ciências da Saúde,Faculdade de Enfermagem Nossa Senhora das Graças,Faculdade de Enfermagem Nossa Senhora das Graças
294,2943895585404868,4,1,0,0,0,0,0,0,0,0,,0,0,1,0,0,0,4,1,6,"68,13",,Ciências da Saúde,Faculdade de Enfermagem Nossa Senhora das Graças,Faculdade de Enfermagem Nossa Senhora das Graças
295,1596573712615729,4,5,3,0,3,0,0,0,0,0,,1,0,6,0,0,0,0,0,24,"215,62",,Ciências da Saúde,Faculdade de Enfermagem Nossa Senhora das Graças,Faculdade de Enfermagem Nossa Senhora das Graças
296,4046930879948120,5,4,0,0,0,0,0,0,0,0,,3,0,1,0,0,0,0,0,7,"59,68",,Ciências da Saúde,Faculdade de Enfermagem Nossa Senhora das Graças,Faculdade de Enfermagem Nossa Senhora das Graças
297,5731994034130179,0,0,4,4,0,4,0,0,0,0,1,5,0,4,0,0,0,5,3,24,"212,19",,Ciências Biológicas,Instituto de Ciências Biológicas,Instituto de Ciências Biológicas
298,6562095215127779,6,0,8,4,0,0,0,0,0,0,1,2,5,24,9,0,0,11,14,12,"265,39",,Ciências Sociais Aplicadas,Instituto de Ciências Biológicas,Instituto de Ciências Biológicas
299,8183650174993790,11,0,0,0,0,0,0,0,0,0,,0,1,4,4,0,0,7,9,4,"96,13",,Ciências Humanas,Campus Mata Norte,Campus Mata Norte
300,8543712630106354,11,0,8,4,0,2,4,0,0,0,,3,6,21,5,0,0,11,8,19,"319,03",,Ciências Agrárias,Campus Petrolina,Campus Petrolina
301,2444349110688079,10,0,0,0,0,0,0,0,0,0,,0,0,2,3,0,0,0,1,0,"40,33",,Ciências Sociais Aplicadas,Campus Mata Sul,Campus Mata Sul
302,6286650794768282,6,0,0,0,0,0,0,1,0,0,,0,0,0,1,0,0,0,0,0,"22,14",,Engenharias,Escola Politécnica de Pernambuco,Escola Politécnica de Pernambuco
303,2234877552692538,8,0,5,3,1,4,0,0,0,0,,0,2,11,9,0,0,3,8,7,"184,36",,Ciências Humanas,Campus Mata Norte,Campus Mata Norte
304,3674366146808215,0,0,0,0,0,0,0,0,0,0,,0,0,0,0,0,0,0,0,3,"18,73",,Ciências da Saúde,Faculdade de Ciências Médicas de Pernambuco,Faculdade de Ciências Médicas de Pernambuco
305,7479375228598666,12,8,6,2,0,0,0,0,1,1,,5,0,0,0,0,0,7,8,21,"217,33",,Ciências da Saúde,Faculdade de Enfermagem Nossa Senhora das Graças,Faculdade de Enfermagem Nossa Senhora das Graças
306,3243437082893833,7,0,0,0,0,0,1,0,0,0,,0,0,1,0,0,0,8,5,0,"42,76",,Ciências da Saúde,Escola Superior de Educação Física,Escola Superior de Educação Física
307,2436908704358678,9,0,4,3,5,0,0,0,0,0,,9,0,2,3,3,0,30,0,20,"268,79",,Ciências da Saúde,Faculdade de Odontologia de Pernambuco,Faculdade de Odontologia de Pernambuco
308,1953193517646332,5,2,0,1,0,0,1,0,0,0,,2,0,2,0,0,0,12,6,8,"103,45",,Ciências da Saúde,Campus Arcoverde,Campus Arcoverde
309,6515667619160885,6,1,0,0,0,0,0,0,0,0,,0,0,1,0,0,0,0,0,1,"30,89",,"Linguística, Letras e Artes",Campus Mata Norte,Campus Mata Norte
310,3837530677280971,4,0,6,2,0,0,0,0,0,0,,0,1,9,0,0,0,4,1,16,"185,27",,Ciências Biológicas,Campus Petrolina,Campus Petrolina
311,"9,0246723763604E+015",0,3,0,0,0,0,0,0,0,0,,0,0,2,0,0,0,1,0,8,"71,24",,Ciências da Saúde,Faculdade de Ciências Médicas de Pernambuco,Faculdade de Ciências Médicas de Pernambuco
312,1303597595680249,6,0,0,0,0,0,0,0,0,0,,0,6,14,0,0,0,6,19,24,"246,4",,Ciências da Saúde,Campus Petrolina,Campus Petrolina
313,5245162152672354,5,0,0,0,0,0,0,0,0,0,,2,0,2,7,0,0,3,0,12,"106,48",,Engenharias,Escola Politécnica de Pernambuco,Escola Politécnica de Pernambuco
314,8978337810096823,10,0,0,0,0,0,0,0,0,0,,1,0,1,4,0,0,2,2,12,"110,8",,Ciências Sociais Aplicadas,Campus Mata Sul,Campus Mata Sul
315,"9,91452936340318E+015",18,11,0,0,0,0,0,0,0,0,,0,0,7,0,0,0,0,1,3,"125,91",,Ciências Humanas,Campus Petrolina,Campus Petrolina
316,3711081070306339,6,0,0,0,0,0,1,0,0,0,,4,4,4,0,0,0,5,7,26,"199,56",,Ciências da Saúde,Campus Petrolina,Campus Petrolina
317,8630101510231029,0,0,0,0,0,0,0,0,0,0,,0,0,0,0,0,0,0,0,4,"25,21",,Ciências da Saúde,Faculdade de Ciências Médicas de Pernambuco,Faculdade de Ciências Médicas de Pernambuco
318,8073356543539364,25,41,8,6,0,0,1,0,0,0,,2,5,9,13,0,0,0,4,10,"381,56",,Ciências Humanas,Campus Mata Norte,Campus Mata Norte
319,7068268268110586,0,1,0,4,0,0,1,0,0,0,,5,0,6,2,0,0,24,9,35,"300,58",,Ciências da Saúde,Campus Arcoverde,Campus Arcoverde
320,2947587129307136,8,0,7,3,0,5,0,1,0,0,,7,1,0,0,0,0,15,0,26,"257,57",,Multidisciplinar,Faculdade de Odontologia de Pernambuco,Faculdade de Odontologia de Pernambuco
321,4500095957452968,8,11,0,0,0,0,0,0,0,0,,0,1,3,0,0,0,1,3,0,"72,46",,"Linguística, Letras e Artes",Campus Petrolina,Campus Petrolina
322,6241347351581121,2,0,8,0,0,1,0,0,0,0,,4,1,2,4,1,0,1,0,13,"141,08",,Ciências Biológicas,Campus Mata Norte,Campus Mata Norte
323,4153235548848190,14,0,0,0,0,0,0,0,0,0,,1,0,5,0,0,0,0,0,3,"70,64",,Ciências da Saúde,Campus Arcoverde,Campus Arcoverde
324,4325387090972139,1,7,0,1,0,0,0,1,0,1,,4,0,0,0,0,0,0,0,13,"95,65",,Ciências da Saúde,Faculdade de Odontologia de Pernambuco,Faculdade de Odontologia de Pernambuco
325,2181437139039201,9,5,0,0,0,0,0,0,0,0,,0,0,2,0,0,0,1,0,7,"95,73",,Ciências da Saúde,Faculdade de Enfermagem Nossa Senhora das Graças,Faculdade de Enfermagem Nossa Senhora das Graças
326,4443122163296249,7,0,0,1,0,0,0,0,0,0,,2,0,8,0,2,0,23,2,18,"226,04",,Ciências Biológicas,Campus Garanhuns,Campus Garanhuns
327,2822546564690021,13,5,0,0,0,0,0,0,0,0,,0,1,2,1,0,0,0,0,5,"95,51",,Ciências Sociais Aplicadas,Faculdade de Ciências da Administração de Pernambuco,Faculdade de Ciências da Administração de Pernambuco
328,618681096822863,5,6,0,2,0,0,0,0,0,0,,0,0,1,0,0,0,2,0,10,"121,22",,Ciências da Saúde,Campus Petrolina,Campus Petrolina
329,5963870439202680,7,0,0,0,0,0,0,0,0,0,,0,10,17,3,0,0,0,9,6,"154,17",,"Linguística, Letras e Artes",Campus Petrolina,Campus Petrolina
330,8191428790441945,0,0,0,0,0,0,0,0,0,0,,0,0,0,0,0,0,0,0,0,0,,Ciências da Saúde,Pronto Socorro Cardiológico de Pernambuco,Pronto Socorro Cardiológico de Pernambuco
331,"9,46082079903925E+015",25,4,7,5,0,3,0,0,0,0,,0,1,10,4,0,0,4,5,6,"228,82",,Ciências Humanas,Campus Mata Norte,Campus Mata Norte
332,7398653704982106,5,1,0,0,0,0,1,0,0,0,,0,0,0,0,0,0,7,0,16,"130,11",,Ciências da Saúde,Faculdade de Ciências Médicas de Pernambuco,Faculdade de Ciências Médicas de Pernambuco
333,"9,38989683531669E+015",17,0,14,3,0,0,0,0,0,0,,1,3,24,0,0,0,6,26,11,"269,44",,Ciências Sociais Aplicadas,Faculdade de Ciências da Administração de Pernambuco,Faculdade de Ciências da Administração de Pernambuco
334,5177404064409827,1,3,8,6,0,0,0,0,0,0,,0,0,1,0,0,0,2,2,4,93,,Ciências Humanas,Faculdade de Ciências Médicas de Pernambuco,Faculdade de Ciências Médicas de Pernambuco
335,5055727404635243,9,0,7,6,3,1,0,0,2,0,1,3,0,5,22,0,5,6,3,43,"462,39",,Ciências Exatas e da Terra,Campus Caruaru,Campus Caruaru
336,41523508084114,0,0,0,0,0,0,1,0,0,0,,0,0,0,0,0,0,0,0,6,"48,74",,Ciências da Saúde,Faculdade de Ciências Médicas de Pernambuco,Faculdade de Ciências Médicas de Pernambuco
337,1963776038181833,0,0,0,0,0,0,0,0,0,0,,0,0,0,0,0,0,0,0,0,0,,Ciências Sociais Aplicadas,Campus Arcoverde,Campus Arcoverde
338,2436263188968608,1,0,0,0,0,0,0,0,0,0,,0,0,1,0,0,0,2,0,2,"23,9",,Ciências Exatas e da Terra,Campus Caruaru,Campus Caruaru
339,176106507905120,1,0,0,0,0,0,1,1,0,1,,7,3,14,0,0,0,35,0,43,"378,83",,Ciências da Saúde,Faculdade de Ciências Médicas de Pernambuco,Faculdade de Ciências Médicas de Pernambuco
340,7220626299968343,1,0,6,3,12,8,1,0,2,1,1,11,1,7,1,0,0,13,1,66,"583,98",,Ciências da Saúde,Campus Petrolina,Campus Petrolina
341,110918601799246,11,2,6,1,1,3,0,0,0,0,,0,1,1,0,0,0,6,4,14,"200,41",,Ciências da Saúde,Campus Petrolina,Campus Petrolina
342,1917884759484094,6,0,0,0,0,0,0,0,0,0,,2,0,1,1,0,0,1,2,3,"33,15",,Ciências Exatas e da Terra,Campus Garanhuns,Campus Garanhuns
343,8436058094072738,9,0,13,4,0,3,0,1,0,0,,2,1,6,0,0,0,1,3,22,"265,91",,Ciências Humanas,Campus Petrolina,Campus Petrolina
344,6914793484046355,21,0,0,0,0,0,0,0,0,0,,0,0,0,4,0,0,2,0,4,"102,76",,Engenharias,Escola Politécnica de Pernambuco,Escola Politécnica de Pernambuco
345,1328561082238373,3,0,0,0,0,0,0,3,0,2,,2,4,0,0,0,6,2,0,8,"88,72",,Ciências da Saúde,Campus Petrolina,Campus Petrolina
346,7825961478944459,8,0,5,4,0,1,1,1,1,1,1,0,0,1,0,0,0,8,0,26,"289,52",,Ciências Biológicas,Campus Petrolina,Campus Petrolina
347,6886656870702250,0,4,0,0,0,0,0,0,0,0,,0,1,0,1,0,0,0,0,4,"40,42",,Ciências da Saúde,Faculdade de Ciências Médicas de Pernambuco,Faculdade de Ciências Médicas de Pernambuco
348,8317517642436355,19,0,0,0,0,0,0,0,0,0,,0,1,4,1,0,0,3,0,3,"100,76",,Ciências Humanas,Campus Mata Norte,Campus Mata Norte
349,6730016892651974,4,1,6,4,0,1,5,3,1,1,1,3,0,2,1,1,0,32,7,48,"484,98",,Ciências da Saúde,Campus Arcoverde,Campus Arcoverde
350,4438530559852302,3,0,0,0,0,0,0,0,0,0,,0,0,1,0,0,0,0,0,3,"29,85",,Ciências da Saúde,Escola Superior de Educação Física,Escola Superior de Educação Física
351,3230197001761662,0,2,0,0,0,0,0,0,0,0,,1,0,1,0,0,0,6,1,5,"47,99",,Ciências da Saúde,Campus Serra Talhada,Campus Serra Talhada
352,6696512456439349,17,0,0,1,0,0,0,0,0,0,,0,0,6,0,0,0,6,10,18,"207,01",,Ciências Humanas,Campus Mata Norte,Campus Mata Norte
353,3426219289728672,0,0,0,0,0,0,0,0,0,0,,0,0,3,0,0,0,2,6,7,"53,62",,Ciências da Saúde,Campus Serra Talhada,Campus Serra Talhada
354,2091307157054280,5,0,1,3,0,3,0,0,0,4,,2,0,2,1,2,0,14,2,23,"255,82",,Ciências Biológicas,Instituto de Ciências Biológicas,Instituto de Ciências Biológicas
355,2346258272879036,8,0,0,0,0,0,0,0,0,0,,2,0,1,0,0,0,7,5,21,"153,12",,Ciências da Saúde,Campus Petrolina,Campus Petrolina
356,552196179272237,3,0,0,2,0,0,4,1,0,4,,0,0,3,0,1,0,9,0,14,"177,18",,Ciências Biológicas,Instituto de Ciências Biológicas,Instituto de Ciências Biológicas
357,6915061297206846,0,0,0,0,0,0,2,4,2,2,,1,1,1,0,0,0,6,2,12,"130,8",,Ciências Biológicas,Campus Garanhuns,Campus Garanhuns
358,936689382226961,16,0,0,1,0,0,1,0,0,0,,0,1,6,0,0,0,4,5,10,"152,61",,"Linguística, Letras e Artes",Campus Mata Norte,Campus Mata Norte
359,3562809066954885,0,0,0,1,0,0,0,0,0,0,,0,0,2,0,0,0,0,0,11,"80,67",,Ciências da Saúde,Faculdade de Odontologia de Pernambuco,Faculdade de Odontologia de Pernambuco
360,8523758772313782,9,0,7,1,0,2,0,0,0,0,1,0,6,8,3,0,0,12,10,15,"256,41",,Ciências Humanas,Campus Petrolina,Campus Petrolina
361,7744257090067345,2,0,0,0,0,0,0,0,0,0,,0,0,0,0,0,0,0,1,0,"6,08",,Ciências Humanas,Campus Petrolina,Campus Petrolina
362,5180858252635422,0,0,0,0,0,0,0,0,0,0,,0,0,0,6,0,0,0,0,7,"61,7",,Ciências Sociais Aplicadas,Faculdade de Ciências da Administração de Pernambuco,Faculdade de Ciências da Administração de Pernambuco
363,6919072366440708,4,0,0,4,0,0,0,0,0,0,,0,0,0,8,0,0,6,0,5,"88,79",,Ciências Exatas e da Terra,Campus Caruaru,Campus Caruaru
364,7277058268920317,0,0,0,0,0,0,0,0,0,0,,0,2,7,4,0,0,0,0,4,"60,78",,Ciências Humanas,Campus Mata Norte,Campus Mata Norte
365,497917388821153,5,0,0,0,0,0,1,0,1,0,,0,0,0,0,0,0,2,0,8,"76,93",,Ciências da Saúde,Escola Superior de Educação Física,Escola Superior de Educação Física
366,7781288256809203,3,0,0,0,0,0,1,0,0,1,,3,1,6,0,0,0,8,0,6,"71,94",,Ciências da Saúde,Faculdade de Enfermagem Nossa Senhora das Graças,Faculdade de Enfermagem Nossa Senhora das Graças
367,7379571371999102,1,0,0,0,0,0,0,0,0,0,,0,0,0,0,0,0,0,0,4,"31,18",,Ciências Humanas,Campus Garanhuns,Campus Garanhuns
368,4501419526514366,0,1,1,1,0,1,0,0,0,0,,0,0,0,2,0,0,9,4,8,"89,18",,Ciências da Saúde,Faculdade de Ciências Médicas de Pernambuco,Faculdade de Ciências Médicas de Pernambuco
369,5202025068359328,5,0,0,0,0,0,0,0,0,0,,0,4,4,1,0,0,13,9,0,"74,44",,"Linguística, Letras e Artes",Faculdade de Ciências da Administração de Pernambuco,Faculdade de Ciências da Administração de Pernambuco
370,8595957726044926,0,5,0,0,0,0,1,2,0,0,,1,1,1,0,0,0,1,4,7,"71,21",,Ciências da Saúde,Campus Garanhuns,Campus Garanhuns
371,8549101690272163,14,0,6,7,0,0,2,1,0,1,,4,2,4,0,0,0,0,6,10,"164,54",,Ciências Agrárias,Campus Petrolina,Campus Petrolina
372,4435223781591585,6,0,0,0,0,0,0,0,0,0,,0,0,0,3,0,0,0,2,5,"55,15",,Ciências Humanas,Campus Petrolina,Campus Petrolina
373,7210350209508802,18,0,6,5,0,0,0,0,0,0,,0,3,9,0,0,0,6,0,7,"197,62",,Ciências Humanas,Campus Mata Norte,Campus Mata Norte
374,741834503525186,2,7,0,0,0,0,1,0,0,0,,0,0,3,0,0,0,8,2,5,"87,25",,Ciências da Saúde,Faculdade de Ciências Médicas de Pernambuco,Faculdade de Ciências Médicas de Pernambuco
375,7474052389225413,6,0,1,1,0,0,3,2,0,0,,4,0,1,0,0,0,4,2,26,"196,58",,Ciências da Saúde,Campus Arcoverde,Campus Arcoverde
376,893872079698660,6,4,0,1,0,0,0,0,0,0,,1,0,0,3,0,0,13,5,11,"125,07",,Ciências da Saúde,Campus Arcoverde,Campus Arcoverde
377,"9,14381648457024E+015",9,3,0,0,0,0,0,0,0,0,,0,0,5,0,0,0,0,2,9,"115,43",,Ciências da Saúde,Campus Ouricuri,Campus Ouricuri
378,5996571316647126,18,0,0,0,0,0,2,1,0,0,,0,0,4,0,0,0,0,12,3,"88,25",,"Linguística, Letras e Artes",Campus Petrolina,Campus Petrolina
379,3491558231307508,0,0,0,0,0,0,0,0,0,0,,0,1,0,0,0,0,0,0,0,"5,27",,Ciências Sociais Aplicadas,Faculdade de Ciências da Administração de Pernambuco,Faculdade de Ciências da Administração de Pernambuco
380,1192715532194789,6,0,0,0,0,0,2,1,0,1,,0,0,0,1,0,0,0,9,8,"86,35",,Multidisciplinar,Campus Petrolina,Campus Petrolina
381,5275801168300660,0,0,0,0,0,0,0,0,0,1,,0,0,0,0,0,0,0,0,5,"38,86",,Ciências Exatas e da Terra,Escola Politécnica de Pernambuco,Escola Politécnica de Pernambuco
382,264608783069847,0,0,0,0,0,0,0,0,0,0,,0,0,0,0,0,0,0,0,0,0,,"Linguística, Letras e Artes",Campus Mata Norte,Campus Mata Norte
383,7718651811062865,5,0,4,2,0,2,1,0,0,0,,0,5,1,0,0,0,6,11,17,"203,98",,Ciências da Saúde,Campus Petrolina,Campus Petrolina
384,4395004424144398,0,0,0,0,0,0,0,0,0,0,,8,0,2,0,1,0,0,3,34,"182,68",,Ciências da Saúde,Faculdade de Odontologia de Pernambuco,Faculdade de Odontologia de Pernambuco
385,776204818245943,4,0,7,4,0,2,0,0,0,0,,2,0,5,0,0,0,4,2,20,"208,69",,Ciências Biológicas,Campus Petrolina,Campus Petrolina
386,8623507844537996,8,0,0,0,0,0,0,0,0,0,,0,2,13,4,0,0,3,8,9,"130,8",,"Linguística, Letras e Artes",Campus Mata Norte,Campus Mata Norte
387,1644967758056091,22,6,8,5,0,0,0,0,0,0,,2,7,14,7,0,0,32,14,17,"380,94",,Ciências Humanas,Campus Arcoverde,Campus Arcoverde
388,6537056532242570,7,0,0,0,0,0,1,0,0,0,,0,3,1,3,0,0,1,6,8,"110,57",,Ciências Biológicas,Campus Petrolina,Campus Petrolina
389,8246648223691009,1,0,0,0,0,0,1,1,0,0,,0,1,2,4,0,0,0,4,2,"39,06",,Ciências Humanas,Campus Petrolina,Campus Petrolina
390,7613089587654124,0,0,0,0,0,0,0,0,0,0,,1,0,1,10,0,0,0,0,10,"83,15",,Ciências Exatas e da Terra,Escola Politécnica de Pernambuco,Escola Politécnica de Pernambuco
391,7529601152586870,7,2,0,2,0,0,0,0,0,0,,0,0,3,2,0,0,0,4,3,"65,78",,Ciências Humanas,Escola Superior de Educação Física,Escola Superior de Educação Física
392,4938451737451535,4,0,0,0,0,0,0,0,0,0,,1,4,8,0,0,0,0,7,11,"118,62",,"Linguística, Letras e Artes",Campus Petrolina,Campus Petrolina
393,6358651010707043,6,0,2,2,7,5,0,0,0,0,1,0,0,0,0,0,0,8,0,28,"298,59",,Ciências da Saúde,Campus Petrolina,Campus Petrolina
394,3754094644917478,4,0,0,1,0,0,1,0,0,0,,0,0,0,0,0,0,4,0,2,"41,66",,Ciências Biológicas,Campus Petrolina,Campus Petrolina
395,3277723105321597,24,0,0,5,0,0,1,0,0,0,,0,0,1,9,0,0,5,1,6,"161,97",,Ciências Exatas e da Terra,Escola Politécnica de Pernambuco,Escola Politécnica de Pernambuco
396,1452772182854868,6,2,0,0,0,0,1,0,0,0,,0,1,5,0,0,0,2,4,2,"61,99",,Ciências da Saúde,Campus Petrolina,Campus Petrolina
397,6294653186161097,6,17,0,7,0,2,1,0,1,0,,4,0,1,1,6,1,2,2,16,"269,14",,Engenharias,Escola Politécnica de Pernambuco,Escola Politécnica de Pernambuco
398,1797280118220965,0,0,4,2,2,9,1,1,0,0,1,3,11,35,12,19,0,28,0,39,"789,75",,Ciências Agrárias,Instituto de Ciências Biológicas,Instituto de Ciências Biológicas
399,5769911720832080,0,1,0,0,0,0,0,0,0,0,,0,2,0,0,0,0,2,0,4,"47,66",,Ciências da Saúde,Faculdade de Ciências Médicas de Pernambuco,Faculdade de Ciências Médicas de Pernambuco
400,5946518736077473,18,2,3,3,0,0,5,3,2,1,,2,0,17,3,0,0,13,3,23,"324,63",,Ciências Biológicas,Campus Garanhuns,Campus Garanhuns
401,6753887560570696,4,0,0,0,0,0,0,0,0,0,,0,0,0,0,0,0,3,0,2,"32,61",,Ciências da Saúde,Faculdade de Enfermagem Nossa Senhora das Graças,Faculdade de Enfermagem Nossa Senhora das Graças
402,5163989360351447,4,0,15,2,2,10,0,0,0,0,,2,3,20,0,0,0,4,6,10,"262,51",,"Linguística, Letras e Artes",Campus Mata Norte,Campus Mata Norte
403,6853003400949081,7,0,0,0,0,0,0,0,0,0,,0,0,0,0,0,0,11,5,11,"116,33",,Ciências da Saúde,Campus Petrolina,Campus Petrolina
404,2751478659630007,4,0,6,3,1,4,0,0,2,0,1,2,0,3,0,2,0,3,2,53,"490,51",,Ciências da Saúde,Faculdade de Odontologia de Pernambuco,Faculdade de Odontologia de Pernambuco
405,8202841216002455,1,0,0,0,0,0,0,0,0,0,,0,0,0,0,0,0,3,2,5,"43,14",,"Linguística, Letras e Artes",Campus Garanhuns,Campus Garanhuns
406,"9,51370206789676E+015",8,0,0,0,0,0,0,1,0,0,,0,11,14,2,0,0,8,15,2,"151,41",,Ciências Humanas,Campus Petrolina,Campus Petrolina
407,4606917035558375,12,0,5,0,0,0,0,0,0,0,,0,2,0,0,0,0,1,3,5,"104,62",,"Linguística, Letras e Artes",Campus Garanhuns,Campus Garanhuns
408,879864383265157,27,10,0,5,0,0,2,0,0,0,1,3,8,25,1,0,0,7,3,38,"481,27",,"Linguística, Letras e Artes",Campus Garanhuns,Campus Garanhuns
409,7940613323209791,1,0,0,0,0,0,0,0,0,0,,0,0,0,0,0,0,0,0,0,"3,04",,Ciências Humanas,Campus Petrolina,Campus Petrolina
410,396447387405747,9,1,0,0,0,0,0,0,0,0,,0,1,19,5,0,0,1,4,5,"126,3",,Ciências Humanas,Instituto de Ciências Biológicas,Instituto de Ciências Biológicas
411,722783724229470,2,12,0,1,0,2,0,0,0,0,,14,0,0,0,0,0,4,8,26,"155,87",,Ciências da Saúde,Faculdade de Enfermagem Nossa Senhora das Graças,Faculdade de Enfermagem Nossa Senhora das Graças
412,5033340358002701,9,0,10,3,0,0,0,0,4,0,,5,2,8,21,0,0,13,1,47,"498,34",,Engenharias,Escola Politécnica de Pernambuco,Escola Politécnica de Pernambuco
413,1815329773344625,9,0,0,2,0,0,0,0,0,0,,0,0,3,0,0,0,0,5,3,"61,98",,Ciências Humanas,Campus Garanhuns,Campus Garanhuns
414,5032508553023766,1,0,0,0,0,0,0,0,0,0,,0,0,0,6,0,0,0,4,0,"13,06",,Ciências Sociais Aplicadas,Campus Caruaru,Campus Caruaru
415,7480197435353915,4,0,1,2,0,0,2,0,1,2,,1,0,3,0,0,0,18,7,16,"183,47",,Ciências da Saúde,Campus Arcoverde,Campus Arcoverde
416,"9,58778585593317E+015",12,1,4,6,0,0,4,2,0,0,,2,1,17,0,0,0,10,6,23,"301,1",,Ciências Humanas,Campus Garanhuns,Campus Garanhuns
417,8023585720097105,11,0,4,1,0,3,0,0,0,0,,0,0,5,0,0,0,14,2,2,"121,2",,Ciências Biológicas,Instituto de Ciências Biológicas,Instituto de Ciências Biológicas
418,4318724716715426,10,0,2,3,1,3,0,0,1,1,,4,1,2,2,0,0,8,11,18,"204,29",,Ciências da Saúde,Campus Petrolina,Campus Petrolina
419,1529690202882268,7,0,0,0,0,0,1,0,0,0,,1,0,0,2,0,0,8,0,2,"52,73",,Ciências Exatas e da Terra,Campus Caruaru,Campus Caruaru
420,689848558441644,3,0,9,3,2,2,0,0,0,0,,0,0,2,0,0,0,6,4,19,"217,95",,Ciências Humanas,Campus Petrolina,Campus Petrolina
421,3732457507833984,8,0,0,0,0,0,0,0,0,0,,0,0,4,0,0,0,3,3,1,"46,33",,Ciências Humanas,Faculdade de Ciências Médicas de Pernambuco,Faculdade de Ciências Médicas de Pernambuco
422,2938450323089271,4,0,0,0,0,0,0,0,0,0,,0,4,0,2,0,0,8,41,1,"58,08",,Ciências Humanas,Campus Petrolina,Campus Petrolina
423,7465688839153672,1,0,0,0,0,0,1,0,1,0,,0,0,0,0,0,0,0,0,0,"9,16",,Ciências da Saúde,Faculdade de Odontologia de Pernambuco,Faculdade de Odontologia de Pernambuco
424,3729803229618174,0,0,0,0,0,0,0,0,0,0,,0,0,0,0,0,0,0,0,0,0,,Ciências Exatas e da Terra,Escola Politécnica de Pernambuco,Escola Politécnica de Pernambuco
425,6347579199245276,7,3,0,0,0,0,0,0,0,0,,0,0,0,0,0,0,0,1,1,"37,09",,Ciências da Saúde,Faculdade de Enfermagem Nossa Senhora das Graças,Faculdade de Enfermagem Nossa Senhora das Graças
426,528574787553376,7,0,0,0,0,0,0,0,0,0,,0,1,5,1,0,0,3,2,5,"83,34",,Ciências Humanas,Campus Petrolina,Campus Petrolina
427,3141366608063937,3,0,0,0,0,0,0,0,0,0,,0,2,3,0,0,0,1,2,1,"36,7",,"Linguística, Letras e Artes",Campus Petrolina,Campus Petrolina
428,6432555655703440,14,0,0,0,0,0,0,0,0,0,,1,0,3,0,0,0,5,31,12,"125,09",,Ciências da Saúde,Campus Petrolina,Campus Petrolina
429,6550566196029253,21,0,0,2,0,0,0,0,0,0,,0,0,1,0,0,0,1,6,1,"81,96",,"Linguística, Letras e Artes",Campus Mata Norte,Campus Mata Norte
430,1559938145343196,12,0,0,0,0,0,0,0,0,0,,0,5,18,0,0,0,0,13,6,"149,55",,Ciências da Saúde,Campus Petrolina,Campus Petrolina
431,4789960762797571,10,10,1,2,0,0,0,0,0,0,,1,5,5,0,0,0,17,6,5,"170,19",,Ciências Humanas,Campus Petrolina,Campus Petrolina
432,1291705349387054,33,0,0,0,0,0,0,0,0,0,,0,0,0,0,0,0,1,0,5,"132,22",,Ciências da Saúde,Escola Superior de Educação Física,Escola Superior de Educação Física
433,6734461367198403,13,0,0,0,0,0,0,0,0,0,,0,0,3,0,0,0,11,10,8,"123,47",,Ciências Humanas,Campus Petrolina,Campus Petrolina
434,1724280775437182,5,1,0,1,0,0,0,0,0,0,,0,14,24,0,0,0,1,3,3,"179,4",,Ciências Humanas,Campus Mata Norte,Campus Mata Norte
435,257673873603782,0,0,0,0,0,0,0,0,0,0,,0,0,0,3,0,0,2,0,1,"15,8",,Ciências Sociais Aplicadas,Faculdade de Ciências da Administração de Pernambuco,Faculdade de Ciências da Administração de Pernambuco
436,1672943554699512,18,0,0,0,0,0,0,0,0,0,,9,0,6,2,0,0,0,0,22,"171,14",,Ciências Sociais Aplicadas,Campus Salgueiro,Campus Salgueiro
437,2238450824510950,0,0,0,0,0,0,0,0,0,0,,0,0,0,0,0,0,0,0,34,"240,08",,Ciências da Saúde,Instituto de Ciências Biológicas,Instituto de Ciências Biológicas
438,4446704088895133,0,0,0,0,0,0,0,0,0,0,,1,0,3,0,0,0,0,0,8,"48,2",,Ciências da Saúde,Faculdade de Odontologia de Pernambuco,Faculdade de Odontologia de Pernambuco
439,311638023023473,3,0,0,0,0,0,0,2,0,0,,1,0,0,0,0,0,1,1,20,"122,46",,Ciências da Saúde,Faculdade de Odontologia de Pernambuco,Faculdade de Odontologia de Pernambuco
440,2866782966429126,1,0,0,0,0,0,1,0,0,0,,0,0,0,2,0,0,0,0,18,"143,26",,Engenharias,Escola Politécnica de Pernambuco,Escola Politécnica de Pernambuco
441,3476550607994320,17,1,5,7,0,4,1,0,1,0,,3,3,3,0,0,0,37,6,19,"333,83",,Ciências da Saúde,Campus Petrolina,Campus Petrolina
442,2796640443683985,16,0,3,2,0,0,2,3,0,0,,2,0,3,1,0,0,10,1,13,"181,51",,Ciências Biológicas,Campus Garanhuns,Campus Garanhuns
443,3342620945284453,11,0,5,4,0,1,0,0,0,0,,0,2,4,1,0,0,7,11,6,"149,97",,Ciências Humanas,Campus Mata Norte,Campus Mata Norte
444,6983062600421377,9,5,4,3,0,1,0,0,0,0,,3,0,3,0,0,0,22,6,28,"292,9",,Ciências da Saúde,Faculdade de Enfermagem Nossa Senhora das Graças,Faculdade de Enfermagem Nossa Senhora das Graças
445,4317850768619496,1,2,0,0,0,0,0,0,0,0,,0,0,1,0,0,0,1,0,2,"27,47",,Ciências da Saúde,Faculdade de Enfermagem Nossa Senhora das Graças,Faculdade de Enfermagem Nossa Senhora das Graças
446,"9,89588154470289E+015",0,7,6,5,0,1,4,3,0,0,,0,2,8,1,0,0,5,4,12,"207,35",,Ciências da Saúde,Campus Garanhuns,Campus Garanhuns
447,8129166589399635,3,0,6,6,0,1,5,1,1,1,,10,13,16,30,0,0,4,0,43,"482,15",,Engenharias,Escola Politécnica de Pernambuco,Escola Politécnica de Pernambuco
448,2623905128469403,28,0,0,0,0,0,0,1,0,1,,0,0,0,0,0,0,5,2,36,"318,28",,Ciências da Saúde,Escola Superior de Educação Física,Escola Superior de Educação Física
449,204772340851287,5,0,5,1,1,1,1,0,0,3,1,0,1,1,0,0,0,16,0,32,"355,68",,Ciências Biológicas,Campus Garanhuns,Campus Garanhuns
450,4172369047278624,0,0,4,0,2,4,0,0,0,0,,1,1,4,0,0,0,7,4,23,"237,1",,Ciências da Saúde,Instituto de Ciências Biológicas,Instituto de Ciências Biológicas
